acteurs,date,descriptions,duree,genre,pays,public,score,titre,titre_original
"Tim Robbins,Morgan Freeman,Bob Gunton",1994,"Two imprisoned men bond over a number of years, finding solace and eventual redemption through acts of common decency.","2,h, ,22,m",Drama,United States,R,9.3,The Shawshank Redemption,
"Humphrey Bogart,Ingrid Bergman,Paul Henreid",1942,A cynical expatriate American cafe owner struggles to decide whether or not to help his former lover and her fugitive husband escape the Nazis in French Morocco.,"1,h, ,42,m","Drama,Romance,War",United States,PG,8.5,Casablanca,
"Tatsuya Nakadai,Akira Ishihama,Shima Iwashita",1962,,"2,h, ,13,m","Action,Drama,Mystery",Japan,Not Rated,8.6,Harakiri,Original title: Seppuku
"François Cluzet,Omar Sy,Anne Le Ny",2011,"After he becomes a quadriplegic from a paragliding accident, an aristocrat hires a young man from the projects to be his caregiver.","1,h, ,52,m","Biography,Comedy,Drama",France,R,8.5,The Intouchables,Original title: Intouchables
"Henry Fonda,Charles Bronson,Claudia Cardinale",1968,A mysterious stranger with a harmonica joins forces with a notorious desperado to protect a beautiful widow from a ruthless assassin working for the railroad.,"2,h, ,45,m",Western,"Italy,United States",PG-13,8.5,Once Upon a Time in the West,Original title: C'era una volta il West
"Charles Chaplin,Paulette Goddard,Henry Bergman",1936,The Tramp struggles to live in modern industrial society with the help of a young homeless woman.,"1,h, ,27,m","Comedy,Drama,Romance",United States,G,8.5,Modern Times,
"Tsutomu Tatsumi,Ayano Shiraishi,Akemi Yamaguchi",1988,A young boy and his little sister struggle to survive in Japan during World War II.,"1,h, ,29,m","Animation,Drama,War",Japan,Not Rated,8.5,Grave of the Fireflies,Original title: Hotaru no haka
"Miles Teller,J.K. Simmons,Melissa Benoist",2014,A promising young drummer enrolls at a cut-throat music conservatory where his dreams of greatness are mentored by an instructor who will stop at nothing to realize a student's potential.,"1,h, ,46,m","Drama,Music",United States,R,8.5,Whiplash,
"Christian Bale,Hugh Jackman,Scarlett Johansson",2006,"After a tragic accident, two stage magicians in 1890s London engage in a battle to create the ultimate illusion while sacrificing everything they have to outwit each other.","2,h, ,10,m","Drama,Mystery,Sci-Fi","United Kingdom,United States",PG-13,8.5,The Prestige,
"Kevin Spacey,Gabriel Byrne,Chazz Palminteri",1995,"A sole survivor tells of the twisty events leading up to a horrific gun battle on a boat, which began when five criminals met at a seemingly random police lineup.","1,h, ,46,m","Crime,Drama,Mystery","United States,Germany",R,8.5,The Usual Suspects,
"Matthew Broderick,Jeremy Irons,James Earl Jones",1994,"Lion prince Simba and his father are targeted by his bitter uncle, who wants to ascend the throne himself.","1,h, ,28,m","Animation,Adventure,Drama",United States,G,8.5,The Lion King,
"Edward Norton,Edward Furlong,Beverly D'Angelo",1998,A former neo-nazi skinhead tries to prevent his younger brother from going down the same wrong path that he did.,"1,h, ,59,m","Crime,Drama",United States,R,8.5,American History X,
"Russell Crowe,Joaquin Phoenix,Connie Nielsen",2000,A former Roman General sets out to exact vengeance against the corrupt emperor who murdered his family and sent him into slavery.,"2,h, ,35,m","Action,Adventure,Drama","United States,United Kingdom,Malta,Morocco",R,8.5,Gladiator,
"Jean Reno,Gary Oldman,Natalie Portman",1994,"12-year-old Mathilda is reluctantly taken in by Léon, a professional assassin, after her family is murdered. An unusual relationship forms as she becomes his protégée and learns the assassin's trade.","1,h, ,50,m","Action,Crime,Drama","France,United States",R,8.5,Léon: The Professional,Original title: Léon
"Ben Kingsley,John Gielgud,Rohini Hattangadi",1982,The life of the lawyer who became the famed leader of the Indian revolts against the British rule through his philosophy of nonviolent protest.,"3,h, ,11,m","Biography,Drama,History","United Kingdom,India,United States,South Africa",PG,8.1,Gandhi,
"Leonardo DiCaprio,Matt Damon,Jack Nicholson",2006,An undercover cop and a mole in the police attempt to identify each other while infiltrating an Irish gang in South Boston.,"2,h, ,31,m","Crime,Drama,Thriller","United States,Hong Kong",R,8.5,The Departed,
"Song Kang-ho,Lee Sun-kyun,Cho Yeo-jeong",2019,Greed and class discrimination threaten the newly formed symbiotic relationship between the wealthy Park family and the destitute Kim clan.,"2,h, ,12,m","Drama,Thriller",South Korea,R,8.5,Parasite,Original title: Gisaengchung
"Eli Marienthal,Harry Connick Jr.,Jennifer Aniston",1999,A young boy befriends a giant robot from outer space that a paranoid government agent wants to destroy.,"1,h, ,26,m","Animation,Action,Adventure",United States,PG,8.1,The Iron Giant,
"Viola Davis,Emma Stone,Octavia Spencer",2011,"An aspiring author during the civil rights movement of the 1960s decides to write a book detailing the African American maids' point of view on the white families for which they work, and the hardships they go through on a daily basis.","2,h, ,26,m",Drama,"United States,India",PG-13,8.1,The Help,
"Scott Weinger,Robin Williams,Linda Larkin",1992,A kindhearted street urchin and a power-hungry Grand Vizier vie for a magic lamp that has the power to make their deepest wishes come true.,"1,h, ,30,m","Animation,Adventure,Comedy",United States,G,8.0,Aladdin,
"Maksim Munzuk,Yuriy Solomin,Mikhail Bychkov",1975,The Russian army sends an explorer on an expedition to the snowy Siberian wilderness where he makes friends with a seasoned local hunter.,"2,h, ,22,m","Adventure,Biography,Drama","Soviet Union,Japan",G,8.2,Dersu Uzala,
"Graham Chapman,John Cleese,Michael Palin",1979,"Born on the original Christmas in the stable next door to Jesus Christ, Brian of Nazareth spends his life being mistaken for a messiah.","1,h, ,34,m",Comedy,United Kingdom,R,8.0,Life of Brian,
"Julie Andrews,Christopher Plummer,Eleanor Parker",1965,A young novitiate is sent by her convent in 1930s Austria to become a governess to the seven children of a widowed naval officer.,"2,h, ,52,m","Biography,Drama,Family",United States,G,8.1,The Sound of Music,
"Michelle Yeoh,Stephanie Hsu,Jamie Lee Curtis",2022,"An aging Chinese immigrant is swept up in an insane adventure, in which she alone can save the world by exploring other universes connecting with the lives she could have led.","2,h, ,19,m","Action,Adventure,Comedy",United States,R,8.1,Everything Everywhere All at Once,
"Clark Gable,Claudette Colbert,Walter Connolly",1934,"A renegade reporter trailing a young runaway heiress for a big story joins her on a bus heading from Florida to New York, and they end up stuck with each other when the bus leaves them behind at one of the stops.","1,h, ,45,m","Comedy,Romance",United States,Passed,8.1,It Happened One Night,
"Bibi Andersson,Liv Ullmann,Margaretha Krook",1966,A nurse is put in charge of a mute actress and finds that their personae are melding together.,"1,h, ,23,m","Drama,Thriller",Sweden,Not Rated,8.1,Persona,
"Kim Min-hee,Ha Jung-woo,Cho Jin-woong",2016,"A woman is hired as a handmaiden to a Japanese heiress, but secretly she is involved in a plot to defraud her.","2,h, ,25,m","Drama,Romance,Thriller",South Korea,Not Rated,8.1,The Handmaiden,Original title: Ah-ga-ssi
"Emilio Echevarría,Gael García Bernal,Goya Toledo",2000,"A horrific car accident connects three stories, each involving characters dealing with loss, regret, and life's harsh realities, all in the name of love.","2,h, ,34,m","Drama,Thriller",Mexico,R,8.1,Amores Perros,Original title: Amores perros
"Jean-Pierre Léaud,Albert Rémy,Claire Maurier",1959,"A young boy, left without attention, delves into a life of petty crime.","1,h, ,39,m","Crime,Drama",France,Not Rated,8.1,The 400 Blows,Original title: Les quatre cents coups
"Paul Newman,George Kennedy,Strother Martin",1967,"A laid back Southern man is sentenced to two years in a rural prison, but refuses to conform.","2,h, ,7,m","Crime,Drama",United States,GP,8.1,Cool Hand Luke,
"Çetin Tekindor,Fikret Kuskan,Hümeyra",2005,,"1,h, ,52,m","Drama,Family",Turkey,Not Rated,8.2,My Father and My Son,Original title: Babam ve Oglum
"Laurence Olivier,Joan Fontaine,George Sanders",1940,A self-conscious woman juggles adjusting to her new role as an aristocrat's wife and avoiding being intimidated by his first wife's spectral presence.,"2,h, ,10,m","Drama,Film-Noir,Mystery",United States,Approved,8.1,Rebecca,
"Henry Fonda,Jane Darwell,John Carradine",1940,"An Oklahoma family, driven off their farm by the poverty and hopelessness of the Dust Bowl, joins the westward migration to California, suffering the misfortunes of the homeless in the Great Depression.","2,h, ,9,m",Drama,United States,Passed,8.1,The Grapes of Wrath,
"Johnny Depp,Geoffrey Rush,Orlando Bloom",2003,"Blacksmith Will Turner teams up with eccentric pirate ""Captain"" Jack Sparrow to save his love, the governor's daughter, from Jack's former pirate allies, who are now undead.","2,h, ,23,m","Action,Adventure,Fantasy",United States,PG-13,8.1,Pirates of the Caribbean: The Curse of the Black Pearl,
"Suriya,Lijo Mol Jose,Manikandan K.",2021,"When a tribal man is arrested for a case of alleged theft, his wife turns to a human-rights lawyer to help bring justice.","2,h, ,44,m","Crime,Drama,Mystery",India,TV-MA,8.9,Jai Bhim,
"Richard Gere,Joan Allen,Cary-Hiroyuki Tagawa",2009,A college professor bonds with an abandoned dog he takes into his home.,"1,h, ,33,m","Biography,Drama,Family","United Kingdom,United States",G,8.1,Hachi: A Dog's Tale,
"Vincent Cassel,Hubert Koundé,Saïd Taghmaoui",1995,24 hours in the lives of three young men in the French suburbs the day after a violent riot.,"1,h, ,38,m","Crime,Drama","France,United States",Not Rated,8.1,La haine,
"Craig T. Nelson,Samuel L. Jackson,Holly Hunter",2004,"While trying to lead a quiet suburban life, a family of undercover superheroes are forced into action to save the world.","1,h, ,55,m","Animation,Action,Adventure",United States,PG,8.0,The Incredibles,
"Brahim Hadjadj,Jean Martin,Yacef Saadi",1966,"In the 1950s, fear and violence escalate as the people of Algiers fight for independence from the French government.","2,h, ,1,m","Drama,War","Italy,Algeria",Not Rated,8.1,The Battle of Algiers,Original title: La battaglia di Algeri
"Carole Lombard,Jack Benny,Robert Stack",1942,,"1,h, ,39,m","Comedy,Romance,War",United States,Passed,8.2,To Be or Not to Be,
"Myrna Loy,Dana Andrews,Fredric March",1946,"Three World War II veterans, two of them traumatized or disabled, return home to the American midwest to discover that they and their families have been irreparably changed.","2,h, ,50,m","Drama,Romance,War",United States,Approved,8.1,The Best Years of Our Lives,
"Ellen Burstyn,Max von Sydow,Linda Blair",1973,"When a teenage girl is possessed by a mysterious entity, her mother seeks the help of two priests to save her daughter.","2,h, ,2,m",Horror,United States,R,8.1,The Exorcist,
"Ethan Hawke,Julie Delpy,Vernon Dobtcheff",2004,"Nine years after Jesse and Celine first met, they encounter each other again on the French leg of Jesse's book tour.","1,h, ,20,m","Drama,Romance","United States,France",R,8.1,Before Sunset,
"Bill Murray,Andie MacDowell,Chris Elliott",1993,"A narcissistic, self-centered weatherman finds himself in a time loop on Groundhog Day, and the day keeps repeating until he gets it right.","1,h, ,41,m","Comedy,Drama,Fantasy",United States,PG,8.1,Groundhog Day,
"Judy Garland,Frank Morgan,Ray Bolger",1939,"Young Dorothy Gale and her dog Toto are swept away by a tornado from their Kansas farm to the magical Land of Oz, and embark on a quest with three new friends to see the Wizard, who can return her to her home and fulfill the others' wishes.","1,h, ,42,m","Adventure,Family,Fantasy",United States,G,8.1,The Wizard of Oz,
"Emile Hirsch,Vince Vaughn,Catherine Keener",2007,"After graduating from Emory University, top student and athlete Christopher McCandless abandons his possessions, gives his entire $24,000 savings account to charity and hitchhikes to Alaska to live in the wilderness. Along the way, Christopher encounters a series of characters that shape his life.","2,h, ,28,m","Adventure,Biography,Drama",United States,R,8.1,Into the Wild,
"Kanu Bannerjee,Karuna Bannerjee,Subir Banerjee",1955,"Impoverished priest Harihar Ray, dreaming of a better life for himself and his family, leaves his rural Bengal village in search of work.","2,h, ,5,m",Drama,India,Not Rated,8.3,Pather Panchali,
"Faye Dunaway,William Holden,Peter Finch",1976,"A television network cynically exploits a deranged former anchor's ravings and revelations about the news media for its own profit, but finds that his message may be difficult to control.","2,h, ,1,m",Drama,United States,R,8.1,Network,
"Brad Garrett,Lou Romano,Patton Oswalt",2007,A rat who can cook makes an unusual alliance with a young kitchen worker at a famous Paris restaurant.,"1,h, ,51,m","Animation,Adventure,Comedy",United States,G,8.1,Ratatouille,
"Daniel Brühl,Chris Hemsworth,Olivia Wilde",2013,The merciless 1970s rivalry between Formula One rivals James Hunt and Niki Lauda.,"2,h, ,3,m","Action,Biography,Drama","United Kingdom,United States",R,8.1,Rush,
"Wil Wheaton,River Phoenix,Corey Feldman",1986,"After the death of one of his friends, a writer recounts a childhood journey with his friends to find the body of a missing boy.","1,h, ,29,m","Adventure,Drama",United States,R,8.1,Stand by Me,
"Hugh Jackman,Patrick Stewart,Dafne Keen",2017,"In a future where mutants are nearly extinct, an elderly and weary Logan leads a quiet life. But when Laura, a mutant child pursued by scientists, comes to him for help, he must get her to safety.","2,h, ,17,m","Action,Drama,Sci-Fi",United States,R,8.1,Logan,
"Mark Ruffalo,Michael Keaton,Rachel McAdams",2015,"The true story of how the Boston Globe uncovered the massive scandal of child molestation and cover-up within the local Catholic Archdiocese, shaking the entire Catholic Church to its core.","2,h, ,9,m","Biography,Crime,Drama",United States,R,8.1,Spotlight,
"Charlie Sheen,Tom Berenger,Willem Dafoe",1986,"Chris Taylor, a neophyte recruit in Vietnam, finds himself caught in a battle of wills between two sergeants, one good and the other evil. A shrewd examination of the brutality of war and the duality of man in conflict.","2,h","Drama,War","United States,United Kingdom",R,8.1,Platoon,
"Matt Damon,Christian Bale,Jon Bernthal",2019,American car designer Carroll Shelby and driver Ken Miles battle corporate interference and the laws of physics to build a revolutionary race car for Ford in order to defeat Ferrari at the 24 Hours of Le Mans in 1966.,"2,h, ,32,m","Action,Biography,Drama",United States,PG-13,8.1,Ford v Ferrari,
"Arnold Schwarzenegger,Linda Hamilton,Michael Biehn",1984,"A human soldier is sent from 2029 to 1984 to stop an almost indestructible cyborg killing machine, sent from the same year, which has been programmed to execute a young woman whose unborn son is the key to humanity's future salvation.","1,h, ,47,m","Action,Sci-Fi","United Kingdom,United States",R,8.1,The Terminator,
"Sylvester Stallone,Talia Shire,Burt Young",1976,A small-time Philadelphia boxer gets a supremely rare chance to fight the world heavyweight champion in a bout in which he strives to go the distance for his self-respect.,"2,h","Drama,Sport",United States,PG,8.1,Rocky,
"Don Cheadle,Sophie Okonedo,Joaquin Phoenix",2004,"Paul Rusesabagina, a hotel manager, houses over a thousand Tutsi refugees during their struggle against the Hutu militia in Rwanda, Africa.","2,h, ,1,m","Biography,Drama,History","United Kingdom,South Africa,Italy,United States",PG-13,8.1,Hotel Rwanda,
"Maria Falconetti,Eugene Silvain,André Berley",1928,"In 1431, Jeanne d'Arc is placed on trial on charges of heresy. The ecclesiastical jurists attempt to force Jeanne to recant her claims of holy visions.","1,h, ,54,m","Biography,Drama,History",France,Passed,8.2,The Passion of Joan of Arc,Original title: La passion de Jeanne d'Arc
"Chishû Ryû,Chieko Higashiyama,Sô Yamamura",1953,"An old couple visit their children and grandchildren in the city, but receive little attention.","2,h, ,16,m",Drama,Japan,Not Rated,8.2,Tokyo Story,Original title: Tôkyô monogatari
"Robin Williams,Robert Sean Leonard,Ethan Hawke",1989,Maverick teacher John Keating uses poetry to embolden his boarding school students to new heights of self-expression.,"2,h, ,8,m","Comedy,Drama",United States,PG,8.1,Dead Poets Society,
"Roy Scheider,Robert Shaw,Richard Dreyfuss",1975,"When a killer shark unleashes chaos on a beach community off Cape Cod, it's up to a local sheriff, a marine biologist, and an old seafarer to hunt the beast down.","2,h, ,4,m","Adventure,Thriller",United States,PG,8.1,Jaws,
"Billy Crystal,John Goodman,Mary Gibbs",2001,"In order to power the city, monsters have to scare children so that they scream. However, the children are toxic to the monsters, and after a child gets through, two monsters realize things may not be what they think.","1,h, ,32,m","Animation,Adventure,Comedy",United States,G,8.1,"Monsters, Inc.",
"Jeff Bridges,John Goodman,Julianne Moore",1998,"Ultimate L.A. slacker Jeff ""The Dude"" Lebowski, mistaken for a millionaire of the same name, seeks restitution for a rug ruined by debt collectors, enlisting his bowling buddies for help while trying to find the millionaire's missing wife.","1,h, ,57,m","Comedy,Crime","United States,United Kingdom",R,8.1,The Big Lebowski,
"Jay Baruchel,Gerard Butler,Christopher Mintz-Plasse",2010,"A hapless young Viking who aspires to hunt dragons becomes the unlikely friend of a young dragon himself, and learns there may be more to the creatures than he assumed.","1,h, ,38,m","Animation,Action,Adventure",United States,PG,8.1,How to Train Your Dragon,
"Brie Larson,Jacob Tremblay,Sean Bridgers",2015,"Held captive for 7 years in an enclosed space, a woman and her young son finally gain their freedom, allowing the boy to experience the outside world for the first time.","1,h, ,58,m","Drama,Thriller","Ireland,Canada,United Kingdom,United States",R,8.1,Room,
"Toni Collette,Philip Seymour Hoffman,Eric Bana",2009,"A tale of friendship between two unlikely pen pals: Mary, a lonely, eight-year-old girl living in the suburbs of Melbourne, and Max, a forty-four-year old, severely obese man living in New York.","1,h, ,32,m","Animation,Comedy,Drama",Australia,Not Rated,8.1,Mary and Max,Original title: Mary and Max.
"Tom Hardy,Charlize Theron,Nicholas Hoult",2015,"In a post-apocalyptic wasteland, a woman rebels against a tyrannical ruler in search for her homeland with the aid of a group of female prisoners, a psychotic worshiper, and a drifter named Max.","2,h","Action,Adventure,Sci-Fi",Australia,R,8.1,Mad Max: Fury Road,
"Darío Grandinetti,María Marull,Mónica Villa",2014,Six short stories that explore the extremities of human behavior involving people in distress.,"2,h, ,2,m","Comedy,Drama,Thriller","Argentina,Spain,France,United Kingdom",R,8.1,Wild Tales,Original title: Relatos salvajes
"Max von Sydow,Gunnar Björnstrand,Bengt Ekerot",1957,,"1,h, ,36,m","Drama,Fantasy",Sweden,Not Rated,8.1,The Seventh Seal,Original title: Det sjunde inseglet
"Song Kang-ho,Kim Sang-kyung,Roe-ha Kim",2003,"In a small Korean province in 1986, two detectives struggle with the case of multiple young women being found raped and murdered by an unknown culprit.","2,h, ,12,m","Crime,Drama,Mystery",South Korea,Not Rated,8.1,Memories of Murder,Original title: Salinui chueok
"James Stewart,Jean Arthur,Claude Rains",1939,"A naive youth leader is appointed to fill a vacancy in the U.S. Senate. His idealistic plans promptly collide with corruption at home and subterfuge from his hero in Washington, but he tries to forge ahead despite attacks on his character.","2,h, ,9,m","Comedy,Drama",United States,Passed,8.1,Mr. Smith Goes to Washington,
"Buster Keaton,Kathryn McGuire,Joe Keaton",1924,"A film projectionist longs to be a detective, and puts his meagre skills to work when he is framed by a rival for stealing his girlfriend's father's pocketwatch.","45,m","Action,Comedy,Romance",United States,Passed,8.2,Sherlock Jr.,
"Andrew Garfield,Sam Worthington,Luke Bracey",2016,"World War II American Army Medic Desmond T. Doss, who served during the Battle of Okinawa, refuses to kill people and becomes the first man in American history to receive the Medal of Honor without firing a shot.","2,h, ,19,m","Biography,Drama,History","Australia,United States,United Kingdom,China",R,8.1,Hacksaw Ridge,
"Yves Montand,Charles Vanel,Peter van Eyck",1953,"In a decrepit South American village, four men are hired to transport an urgent nitroglycerine shipment without the equipment that would make it safe.","2,h, ,11,m","Adventure,Drama,Thriller","France,Italy",Not Rated,8.2,The Wages of Fear,Original title: Le salaire de la peur
"Ryan O'Neal,Marisa Berenson,Patrick Magee",1975,An Irish rogue wins the heart of a rich widow and assumes her dead husband's aristocratic position in 18th-century England.,"3,h, ,5,m","Adventure,Drama,War","United Kingdom,United States",PG,8.1,Barry Lyndon,
"Daniel Day-Lewis,Pete Postlethwaite,Alison Crosbie",1993,,"2,h, ,13,m","Biography,Crime,Drama","Ireland,United Kingdom",R,8.1,In the Name of the Father,
"Jason Schwartzman,J.K. Simmons,Rashida Jones",2019,"A simple act of kindness always sparks another, even in a frozen, faraway place. When Smeerensburg's new postman, Jesper, befriends toymaker Klaus, their gifts melt an age-old feud and deliver a sleigh full of holiday traditions.","1,h, ,36,m","Animation,Adventure,Comedy","Spain,United Kingdom,United States",PG,8.1,Klaus,
"Ralph Fiennes,F. Murray Abraham,Mathieu Amalric",2014,"A writer encounters the owner of an aging high-class hotel, who tells him of his early years serving as a lobby boy in the hotel's glorious years under an exceptional concierge.","1,h, ,39,m","Adventure,Comedy,Crime","United States,Germany",R,8.1,The Grand Budapest Hotel,
"Robert De Niro,Christopher Walken,John Cazale",1978,An in-depth examination of the ways in which the Vietnam War impacts and disrupts the lives of several friends in a small steel mill town in Pennsylvania.,"3,h, ,3,m","Drama,War","United States,United Kingdom",R,8.1,The Deer Hunter,
"Buster Keaton,Marion Mack,Glen Cavender",1926,"After being rejected by the Confederate military, not realizing it was due to his crucial civilian role, an engineer must single-handedly recapture his beloved locomotive after it is seized by Union spies and return it through enemy lines.","1,h, ,7,m","Action,Adventure,Comedy",United States,Passed,8.2,The General,
"Victor Sjöström,Bibi Andersson,Ingrid Thulin",1957,,"1,h, ,31,m","Drama,Romance",Sweden,Not Rated,8.1,Wild Strawberries,Original title: Smultronstället
"Orson Welles,Joseph Cotten,Alida Valli",1949,"Pulp novelist Holly Martins travels to shadowy, postwar Vienna, only to find himself investigating the mysterious death of an old friend, Harry Lime.","1,h, ,33,m","Film-Noir,Mystery,Thriller",United Kingdom,Approved,8.1,The Third Man,
"Charlton Heston,Jack Hawkins,Stephen Boyd",1959,"After a Jewish prince is betrayed and sent into slavery by a Roman friend in 1st-century Jerusalem, he regains his freedom and comes back for revenge.","3,h, ,32,m","Adventure,Drama",United States,G,8.1,Ben-Hur,
"Ben Affleck,Rosamund Pike,Neil Patrick Harris",2014,"With his wife's disappearance having become the focus of an intense media circus, a man sees the spotlight turned on him when it's suspected that he may not be innocent.","2,h, ,29,m","Drama,Mystery,Thriller",United States,R,8.1,Gone Girl,
"Daniel Radcliffe,Emma Watson,Rupert Grint",2011,"Harry, Ron, and Hermione search for Voldemort's remaining Horcruxes in their effort to destroy the Dark Lord as the final battle rages on at Hogwarts.","2,h, ,10,m","Adventure,Family,Fantasy","United Kingdom,United States",PG-13,8.1,Harry Potter and the Deathly Hallows: Part 2,Original title: Harry Potter and the Deathly Hallows - Part 2
"Chiwetel Ejiofor,Michael Kenneth Williams,Michael Fassbender",2013,"In the antebellum United States, Solomon Northup, a free black man from upstate New York, is abducted and sold into slavery.","2,h, ,14,m","Biography,Drama,History","United States,United Kingdom",R,8.1,12 Years a Slave,
"Mohammad Amir Naji,Amir Farrokh Hashemian,Bahare Seddiqi",1997,"After a boy loses his sister's pair of shoes, he goes on a series of adventures in order to find them. When he can't, he tries a new way to ""win"" a new pair.","1,h, ,29,m","Drama,Family,Sport",Iran,PG,8.2,Children of Heaven,Original title: Bacheha-Ye aseman
"Marlon Brando,Karl Malden,Lee J. Cobb",1954,"An ex-prize fighter turned New Jersey longshoreman struggles to stand up to his corrupt union bosses, including his older brother, as he starts to connect with the grieving sister of one of the syndicate's victims.","1,h, ,48,m","Crime,Drama,Thriller",United States,Approved,8.1,On the Waterfront,
"Charles Chaplin,Mack Swain,Tom Murray",1925,"A prospector goes to the Klondike during the 1890s gold rush in hopes of making his fortune, and is smitten with a girl he sees in a dance hall.","1,h, ,35,m","Adventure,Comedy,Drama",United States,Passed,8.2,The Gold Rush,
"Ethan Hawke,Julie Delpy,Andrea Eckert",1995,"A young man and woman meet on a train in Europe, and wind up spending one evening together in Vienna. Unfortunately, both know that this will probably be their only night together.","1,h, ,41,m","Drama,Romance","United States,Austria",R,8.1,Before Sunrise,
"Harrison Ford,Rutger Hauer,Sean Young",1982,A blade runner must pursue and terminate four replicants who stole a ship in space and have returned to Earth to find their creator.,"1,h, ,57,m","Action,Drama,Sci-Fi",United States,R,8.1,Blade Runner,
"Leonardo DiCaprio,Tom Hanks,Christopher Walken",2002,"Barely 21 yet, Frank is a skilled forger who has passed as a doctor, lawyer and pilot. FBI agent Carl becomes obsessed with tracking down the con man, who only revels in the pursuit.","2,h, ,21,m","Biography,Crime,Drama","United States,Canada",PG-13,8.1,Catch Me If You Can,
"Hilary Swank,Clint Eastwood,Morgan Freeman",2004,A determined woman works with a hardened boxing trainer to become a professional.,"2,h, ,12,m","Drama,Sport",United States,PG-13,8.1,Million Dollar Baby,
"Hugh Jackman,Jake Gyllenhaal,Viola Davis",2013,"When Keller Dover's daughter and her friend go missing, he takes matters into his own hands as the police pursue multiple leads and the pressure mounts.","2,h, ,33,m","Crime,Drama,Mystery",United States,R,8.1,Prisoners,
"Tom Hardy,Nick Nolte,Joel Edgerton",2011,"The youngest son of an alcoholic former boxer returns home, where he's trained by his father for competition in a mixed martial arts tournament - a path that puts the fighter on a collision course with his estranged, older brother.","2,h, ,20,m","Action,Drama,Sport",United States,PG-13,8.2,Warrior,
"Clint Eastwood,Bee Vang,Christopher Carley",2008,"Disgruntled Korean War veteran Walt Kowalski sets out to reform his neighbor, Thao Lor, a Hmong teenager who tried to steal Kowalski's prized possession: a 1972 Gran Torino.","1,h, ,56,m",Drama,"Germany,United States",R,8.1,Gran Torino,
"William H. Macy,Frances McDormand,Steve Buscemi",1996,Minnesota car salesman Jerry Lundegaard's inept crime falls apart due to his and his henchmen's bungling and the persistent police work of the quite pregnant Marge Gunderson.,"1,h, ,38,m","Crime,Thriller","United States,United Kingdom",R,8.1,Fargo,
"Ewan McGregor,Ewen Bremner,Jonny Lee Miller",1996,"Renton, deeply immersed in the Edinburgh drug scene, tries to clean up and get out, despite the allure of the drugs and influence of friends.","1,h, ,33,m",Drama,United Kingdom,R,8.1,Trainspotting,
"Hitoshi Takagi,Noriko Hidaka,Chika Sakamoto",1988,"When two girls move to the country to be near their ailing mother, they have adventures with the wondrous forest spirits who live nearby.","1,h, ,26,m","Animation,Comedy,Family",Japan,G,8.1,My Neighbor Totoro,Original title: Tonari no Totoro
"William Holden,Alec Guinness,Jack Hawkins",1957,"British POWs are forced to build a railway bridge across the river Kwai for their Japanese captors in occupied Burma, not knowing that the allied forces are planning a daring commando raid through the jungle to destroy it.","2,h, ,41,m","Adventure,Drama,War","United Kingdom,United States",PG,8.2,The Bridge on the River Kwai,
"Frances McDormand,Woody Harrelson,Sam Rockwell",2017,A mother personally challenges the local authorities to solve her daughter's murder when they fail to catch the culprit.,"1,h, ,55,m","Comedy,Crime,Drama","United Kingdom,United States",R,8.1,"Three Billboards Outside Ebbing, Missouri",
"Ricardo Darín,Soledad Villamil,Pablo Rago",2009,A retired legal counselor writes a novel hoping to find closure for one of his past unresolved homicide cases and for his unreciprocated love with his superior - both of which still haunt him decades later.,"2,h, ,9,m","Drama,Mystery,Romance","Argentina,Spain",R,8.2,The Secret in Their Eyes,Original title: El secreto de sus ojos
"Chieko Baishô,Takuya Kimura,Tatsuya Gashûin",2004,"When an unconfident young woman is cursed with an old body by a spiteful witch, her only chance of breaking the spell lies with a self-indulgent yet insecure young wizard and his companions in his legged, walking castle.","1,h, ,59,m","Animation,Adventure,Family",Japan,PG,8.2,Howl's Moving Castle,Original title: Hauru no ugoku shiro
"Amy Poehler,Bill Hader,Lewis Black",2015,"After young Riley is uprooted from her Midwest life and moved to San Francisco, her emotions - Joy, Fear, Anger, Disgust and Sadness - conflict on how best to navigate a new city, house, and school.","1,h, ,35,m","Animation,Adventure,Comedy",United States,PG,8.2,Inside Out,
"Ray Milland,Grace Kelly,Robert Cummings",1954,A former tennis star arranges the murder of his adulterous wife.,"1,h, ,45,m","Crime,Thriller",United States,PG,8.2,Dial M for Murder,
"Jason Flemyng,Dexter Fletcher,Nick Moran",1998,"Eddy persuades his three pals to pool money for a vital poker game against a powerful local mobster, Hatchet Harry. Eddy loses, after which Harry gives him a week to pay back 500,000 pounds.","1,h, ,47,m","Action,Comedy,Crime",United Kingdom,R,8.2,"Lock, Stock and Two Smoking Barrels",
"Hugo Weaving,Natalie Portman,Rupert Graves",2005,"In a future British dystopian society, a shadowy freedom fighter, known only by the alias of ""V"", plots to overthrow the tyrannical government - with the help of a young woman.","2,h, ,12,m","Action,Drama,Sci-Fi","United States,United Kingdom,Germany",R,8.2,V for Vendetta,
"Clark Gable,Vivien Leigh,Thomas Mitchell",1939,The manipulative daughter of a Georgia plantation owner conducts a turbulent romance with a roguish profiteer during the American Civil War and Reconstruction periods.,"3,h, ,58,m","Drama,Romance,War",United States,Passed,8.2,Gone with the Wind,
"Anthony Hopkins,John Hurt,Anne Bancroft",1980,"A Victorian surgeon rescues a heavily disfigured man who is mistreated while scraping a living as a side-show freak. Behind his monstrous façade, there is revealed a person of kindness, intelligence and sophistication.","2,h, ,4,m","Biography,Drama","United States,United Kingdom",PG,8.2,The Elephant Man,
"Jack Nicholson,Faye Dunaway,John Huston",1974,"A private detective hired to expose an adulterer in 1930s Los Angeles finds himself caught up in a web of deceit, corruption, and murder.","2,h, ,10,m","Drama,Mystery,Thriller",United States,R,8.2,Chinatown,
"Robert De Niro,Cathy Moriarty,Joe Pesci",1980,"The life of boxer Jake LaMotta, whose violence and temper that led him to the top in the ring destroyed his life outside of it.","2,h, ,9,m","Biography,Drama,Sport",United States,R,8.2,Raging Bull,
"Kurt Russell,Wilford Brimley,Keith David",1982,A research team in Antarctica is hunted by a shape-shifting alien that assumes the appearance of its victims.,"1,h, ,49,m","Horror,Mystery,Sci-Fi","United States,Canada",R,8.2,The Thing,
"Albert Brooks,Ellen DeGeneres,Alexander Gould",2003,"After his son is captured in the Great Barrier Reef and taken to Sydney, a timid clownfish sets out on a journey to bring him home.","1,h, ,40,m","Animation,Adventure,Comedy",United States,G,8.2,Finding Nemo,
"Tommy Lee Jones,Javier Bardem,Josh Brolin",2007,Violence and mayhem ensue after a hunter stumbles upon a drug deal gone wrong and more than two million dollars in cash near the Rio Grande.,"2,h, ,2,m","Crime,Drama,Thriller",United States,R,8.2,No Country for Old Men,
"Uma Thurman,David Carradine,Daryl Hannah",2003,"After awakening from a four-year coma, a former assassin wreaks vengeance on the team of assassins who betrayed her.","1,h, ,51,m","Action,Crime,Drama",United States,R,8.2,Kill Bill: Vol. 1,
"Steve McQueen,James Garner,Richard Attenborough",1963,Allied prisoners of war plan for several hundred of their number to escape from a German camp during World War II.,"2,h, ,52,m","Adventure,Drama,History",United States,Approved,8.2,The Great Escape,
"Sam Neill,Laura Dern,Jeff Goldblum",1993,A pragmatic paleontologist touring an almost complete theme park on an island in Central America is tasked with protecting a couple of kids after a power failure causes the park's cloned dinosaurs to run loose.,"2,h, ,7,m","Action,Adventure,Sci-Fi",United States,PG-13,8.2,Jurassic Park,
"Toshirô Mifune,Machiko Kyô,Masayuki Mori",1950,"The rape of a bride and the murder of her samurai husband are recalled from the perspectives of a bandit, the bride, the samurai's ghost and a woodcutter.","1,h, ,28,m","Crime,Drama,Mystery",Japan,Not Rated,8.2,Rashomon,Original title: Rashômon
"Humphrey Bogart,Walter Huston,Tim Holt",1948,Two down-on-their-luck Americans searching for work in 1920s Mexico convince an old prospector to help them mine for gold in the Sierra Madre Mountains.,"2,h, ,6,m","Adventure,Drama,Western",United States,Passed,8.2,The Treasure of the Sierra Madre,
"Graham Chapman,John Cleese,Eric Idle",1975,"King Arthur and his Knights of the Round Table embark on a surreal, low-budget search for the Holy Grail, encountering many, very silly obstacles.","1,h, ,31,m","Adventure,Comedy,Fantasy",United Kingdom,PG,8.2,Monty Python and the Holy Grail,
"Tom Holland,Zendaya,Benedict Cumberbatch",2021,"With Spider-Man's identity now revealed, Peter asks Doctor Strange for help. When a spell goes wrong, dangerous foes from other worlds start to appear, forcing Peter to discover what it truly means to be Spider-Man.","2,h, ,28,m","Action,Adventure,Fantasy",United States,PG-13,8.3,Spider-Man: No Way Home,
"Toshirô Mifune,Eijirô Tôno,Tatsuya Nakadai",1961,A crafty ronin comes to a town divided by two criminal gangs and decides to play them against each other to free the town.,"1,h, ,50,m","Action,Drama,Thriller",Japan,Not Rated,8.2,Yojimbo,Original title: Yôjinbô
"Leonardo DiCaprio,Emily Mortimer,Mark Ruffalo",2010,"In 1954, a U.S. Marshal investigates the disappearance of a murderer who escaped from a hospital for the criminally insane.","2,h, ,18,m","Mystery,Thriller",United States,R,8.2,Shutter Island,
"Bruce Willis,Haley Joel Osment,Toni Collette",1999,"A frightened, withdrawn Philadelphia boy who communicates with spirits seeks the help of a disheartened child psychologist.","1,h, ,47,m","Drama,Mystery,Thriller",United States,PG-13,8.2,The Sixth Sense,
"Russell Crowe,Ed Harris,Jennifer Connelly",2001,"After John Nash, a brilliant but asocial mathematician, accepts secret work in cryptography, his life takes a turn for the nightmarish.","2,h, ,15,m","Biography,Drama",United States,PG-13,8.2,A Beautiful Mind,
"Jim Carrey,Ed Harris,Laura Linney",1998,An insurance salesman discovers his whole life is actually a reality TV show.,"1,h, ,43,m","Comedy,Drama",United States,PG,8.2,The Truman Show,
"Daniel Day-Lewis,Paul Dano,Ciarán Hinds",2007,"A story of family, religion, hatred, oil and madness, focusing on a turn-of-the-century prospector in the early days of the business.","2,h, ,38,m",Drama,United States,R,8.2,There Will Be Blood,
"Clint Eastwood,Gene Hackman,Morgan Freeman",1992,"Retired Old West gunslinger William Munny reluctantly takes on one last job, with the help of his old partner Ned Logan and a young man, The ""Schofield Kid.""","2,h, ,10,m","Drama,Western",United States,R,8.2,Unforgiven,
"Tatsuya Nakadai,Akira Terao,Jinpachi Nezu",1985,"In Medieval Japan, an elderly warlord retires, handing over his empire to his three sons. However, he vastly underestimates how the new-found power will corrupt them and cause them to turn on each other...and him.","2,h, ,42,m","Action,Drama,War","Japan,France",R,8.2,Ran,
"Robert De Niro,Sharon Stone,Joe Pesci",1995,"A tale of greed, deception, money, power, and murder occur between two best friends: a mafia enforcer and a casino executive compete against each other over a gambling empire, and over a fast-living and fast-loving socialite.","2,h, ,58,m","Crime,Drama","United States,France",R,8.2,Casino,
"Spencer Tracy,Burt Lancaster,Richard Widmark",1961,"In 1948, an American court in occupied Germany tries four Nazis judged for war crimes.","2,h, ,59,m","Drama,War",United States,Approved,8.3,Judgment at Nuremberg,
"Ivana Baquero,Ariadna Gil,Sergi López",2006,"In the Falangist Spain of 1944, the bookish young stepdaughter of a sadistic army officer escapes into an eerie but captivating fantasy world.","1,h, ,58,m","Drama,Fantasy,War","Mexico,Spain",R,8.2,Pan's Labyrinth,Original title: El laberinto del fauno
"Bette Davis,Anne Baxter,George Sanders",1950,A seemingly timid but secretly ruthless ingénue insinuates herself into the lives of an aging Broadway star and her circle of theater friends.,"2,h, ,18,m",Drama,United States,Passed,8.2,All About Eve,
"Viggo Mortensen,Mahershala Ali,Linda Cardellini",2018,A working-class Italian-American bouncer becomes the driver for an African-American classical pianist on a tour of venues through the 1960s American South.,"2,h, ,10,m","Biography,Comedy,Drama","United States,China",PG-13,8.2,Green Book,
"Anthony Hopkins,Olivia Colman,Mark Gatiss",2020,"A man refuses all assistance from his daughter as he ages. As he tries to make sense of his changing circumstances, he begins to doubt his loved ones, his own mind and even the fabric of his reality.","1,h, ,37,m","Drama,Mystery","United Kingdom,France,United States",PG-13,8.2,The Father,
"Leonardo DiCaprio,Jonah Hill,Margot Robbie",2013,"Based on the true story of Jordan Belfort, from his rise to a wealthy stock-broker living the high life to his fall involving crime, corruption and the federal government.","3,h","Biography,Comedy,Crime",United States,R,8.2,The Wolf of Wall Street,
"Charles Chaplin,Edna Purviance,Jackie Coogan",1921,,"1,h, ,8,m","Comedy,Drama,Family",United States,Passed,8.3,The Kid,
"Marilyn Monroe,Tony Curtis,Jack Lemmon",1959,"After two male musicians witness a mob hit, they flee the state in an all-female band disguised as women, but further complications set in.","2,h, ,1,m","Comedy,Music,Romance",United States,Passed,8.2,Some Like It Hot,
"Aamir Khan,Sakshi Tanwar,Fatima Sana Shaikh",2016,Former wrestler Mahavir Singh Phogat and his two wrestler daughters struggle towards glory at the Commonwealth Games in the face of societal oppression.,"2,h, ,41,m","Action,Biography,Drama","India,United States",Not Rated,8.3,Dangal,
"Christian Bale,Michael Caine,Ken Watanabe",2005,"After training with his mentor, Batman begins his fight to free crime-ridden Gotham City from corruption.","2,h, ,20,m","Action,Crime,Drama","United States,United Kingdom",PG-13,8.2,Batman Begins,
"Bruno Ganz,Alexandra Maria Lara,Ulrich Matthes",2004,,"2,h, ,36,m","Biography,Drama,History","Germany,Austria,Italy",R,8.2,Downfall,Original title: Der Untergang
"Clint Eastwood,Lee Van Cleef,Gian Maria Volontè",1965,Two bounty hunters with the same intentions team up to track down an escaped Mexican outlaw.,"2,h, ,12,m",Western,"Italy,Spain,West Germany",R,8.2,For a Few Dollars More,Original title: Per qualche dollaro in più
"Darsheel Safary,Aamir Khan,Tisca Chopra",2007,"An eight-year-old boy is thought to be a lazy trouble-maker, until the new art teacher has the patience and compassion to discover the real problem behind his struggles in school.","2,h, ,45,m","Drama,Family",India,PG,8.4,Like Stars on Earth,Original title: Taare Zameen Par
"Bruce Willis,Alan Rickman,Bonnie Bedelia",1988,A New York City police officer tries to save his estranged wife and several others taken hostage by terrorists during a Christmas party at the Nakatomi Plaza in Los Angeles.,"2,h, ,12,m","Action,Thriller",United States,R,8.2,Die Hard,
"Lamberto Maggiorani,Enzo Staiola,Lianella Carell",1948,"In post-war Italy, a working-class man's bicycle is stolen, endangering his efforts to find work. He and his son set out to find it.","1,h, ,29,m",Drama,Italy,Not Rated,8.3,Bicycle Thieves,Original title: Ladri di biciclette
"Dean-Charles Chapman,George MacKay,Daniel Mays",2019,"April 6th, 1917. As an infantry battalion assembles to wage war deep in enemy territory, two soldiers are assigned to race against time and deliver a message that will stop 1,600 men from walking straight into a deadly trap.","1,h, ,59,m","Action,Drama,War","United Kingdom,United States,India,Spain",R,8.2,1917,
"Harrison Ford,Sean Connery,Alison Doody",1989,"In 1938, after his father Professor Henry Jones, Sr. goes missing while pursuing the Holy Grail, Professor Henry ""Indiana"" Jones, Jr. finds himself up against Adolf Hitler's Nazis again to stop them from obtaining its powers.","2,h, ,7,m","Action,Adventure",United States,PG-13,8.2,Indiana Jones and the Last Crusade,
"Brigitte Helm,Alfred Abel,Gustav Fröhlich",1927,"In a futuristic city sharply divided between the working class and the city planners, the son of the city's mastermind falls in love with a working-class prophet who predicts the coming of a savior to mediate their differences.","2,h, ,33,m","Drama,Sci-Fi",Germany,Not Rated,8.3,Metropolis,
"Jason Statham,Brad Pitt,Stephen Graham",2000,"Unscrupulous boxing promoters, violent bookmakers, a Russian gangster, incompetent amateur robbers and supposedly Jewish jewelers fight to track down a priceless stolen diamond.","1,h, ,42,m","Comedy,Crime","United Kingdom,United States",R,8.2,Snatch,
"Kevin Spacey,Russell Crowe,Guy Pearce",1997,"As corruption grows in 1950s Los Angeles, three policemen - one strait-laced, one brutal, and one sleazy - investigate a series of murders with their own brand of justice.","2,h, ,18,m","Crime,Drama,Mystery",United States,R,8.2,L.A. Confidential,
"Payman Maadi,Leila Hatami,Sareh Bayat",2011,A married couple are faced with a difficult decision - to improve the life of their child by moving to another country or to stay in Iran and look after a deteriorating parent who has Alzheimer's disease.,"2,h, ,3,m",Drama,"Iran,France,Australia",PG-13,8.3,A Separation,Original title: Jodaeiye Nader az Simin
"Robert De Niro,Jodie Foster,Cybill Shepherd",1976,"A mentally unstable veteran works as a nighttime taxi driver in New York City, where the perceived decadence and sleaze fuels his urge for violent action.","1,h, ,54,m","Crime,Drama",United States,R,8.2,Taxi Driver,
"Edward Asner,Jordan Nagai,John Ratzenberger",2009,"78-year-old Carl Fredricksen travels to Paradise Falls in his house equipped with balloons, inadvertently taking a young stowaway.","1,h, ,36,m","Animation,Adventure,Comedy",United States,PG,8.3,Up,
"Lubna Azabal,Mélissa Désormeaux-Poulin,Maxim Gaudette",2010,Twins journey to the Middle East to discover their family history and fulfill their mother's last wishes.,"2,h, ,11,m","Drama,Mystery","Canada,France",R,8.3,Incendies,
"Al Pacino,Robert De Niro,Val Kilmer",1995,A group of high-end professional thieves start to feel the heat from the LAPD when they unknowingly leave a clue at their latest heist.,"2,h, ,50,m","Action,Crime,Drama",United States,R,8.3,Heat,
"Paul Newman,Robert Redford,Robert Shaw",1973,Two grifters team up to pull off the ultimate con.,"2,h, ,9,m","Comedy,Crime,Drama",United States,PG,8.3,The Sting,
"Gregory Peck,John Megna,Frank Overton",1962,"Atticus Finch, a widowed lawyer in Depression-era Alabama, defends a black man against an undeserved rape charge, and his children against prejudice.","2,h, ,9,m","Crime,Drama",United States,Approved,8.3,To Kill a Mockingbird,
"Fred MacMurray,Barbara Stanwyck,Edward G. Robinson",1944,"A Los Angeles insurance representative lets an alluring housewife seduce him into a scheme of insurance fraud and murder that arouses the suspicion of his colleague, an insurance investigator.","1,h, ,47,m","Crime,Drama,Film-Noir",United States,Passed,8.3,Double Indemnity,
"Lin-Manuel Miranda,Phillipa Soo,Leslie Odom Jr.",2020,"The real life of one of America's foremost founding fathers and first Secretary of the Treasury, Alexander Hamilton. Captured live on Broadway from the Richard Rodgers Theater with the original Broadway cast.","2,h, ,40,m","Biography,Drama,History",United States,PG-13,8.4,Hamilton,
"Matthew Modine,R. Lee Ermey,Vincent D'Onofrio",1987,A pragmatic U.S. Marine observes the dehumanizing effects the Vietnam War has on his fellow recruits from their brutal boot camp training to the bloody street fighting in Hue.,"1,h, ,56,m","Drama,War","United Kingdom,United States",R,8.3,Full Metal Jacket,
"Al Pacino,Michelle Pfeiffer,Steven Bauer",1983,"In 1980 Miami, a determined Cuban immigrant takes over a drug cartel and succumbs to greed.","2,h, ,50,m","Crime,Drama",United States,R,8.3,Scarface,
"Malcolm McDowell,Patrick Magee,Michael Bates",1971,"In the future, a sadistic gang leader is imprisoned and volunteers for a conduct-aversion experiment, but it doesn't go as planned.","2,h, ,16,m","Crime,Sci-Fi","United Kingdom,United States",X,8.3,A Clockwork Orange,
"Jack Lemmon,Shirley MacLaine,Fred MacMurray",1960,"A Manhattan insurance clerk tries to rise in his company by letting its executives use his apartment for trysts, but complications and a romance of his own ensue.","2,h, ,5,m","Comedy,Drama,Romance",United States,Approved,8.3,The Apartment,
"Takashi Shimura,Nobuo Kaneko,Shin'ichi Himori",1952,A bureaucrat tries to find meaning in his life after he discovers he has terminal cancer.,"2,h, ,23,m",Drama,Japan,Not Rated,8.3,Ikiru,
"James Stewart,Kim Novak,Barbara Bel Geddes",1958,"A former San Francisco police detective juggles wrestling with his personal demons and becoming obsessed with the hauntingly beautiful woman he has been hired to trail, who may be deeply disturbed.","2,h, ,8,m","Mystery,Romance,Thriller",United States,PG,8.3,Vertigo,
"Audrey Tautou,Mathieu Kassovitz,Rufus",2001,"Amélie is an innocent and naive girl in Paris with her own sense of justice. She decides to help those around her and, along the way, discovers love.","2,h, ,2,m","Comedy,Romance","France,Germany",R,8.3,Amélie,Original title: Le fabuleux destin d'Amélie Poulain
"Peter O'Toole,Alec Guinness,Anthony Quinn",1962,"The story of T.E. Lawrence, the English officer who successfully united and led the diverse, often warring, Arab tribes during World War I in order to fight the Turks.","3,h, ,38,m","Adventure,Biography,Drama",United Kingdom,Approved,8.3,Lawrence of Arabia,
"Cary Grant,Eva Marie Saint,James Mason",1959,"A New York City advertising executive goes on the run after being mistaken for a government agent by a group of foreign spies, and falls for a woman whose loyalties he begins to doubt.","2,h, ,16,m","Action,Adventure,Mystery",United States,Approved,8.3,North by Northwest,
"Peter Lorre,Ellen Widmann,Inge Landgut",1931,"When the police in a German city are unable to catch a child-murderer, other criminals join in the manhunt.","1,h, ,39,m","Crime,Mystery,Thriller",Germany,Passed,8.3,M,Original title: M - Eine Stadt sucht einen Mörder
"Mads Mikkelsen,Thomas Bo Larsen,Annika Wedderkopp",2012,"A teacher lives a lonely life, all the while struggling over his son's custody. His life slowly gets better as he finds love and receives good news from his son, but his new luck is about to be brutally shattered by an innocent little lie.","1,h, ,55,m",Drama,"Denmark,Sweden",R,8.3,The Hunt,Original title: Jagten
"Aleksey Kravchenko,Olga Mironova,Liubomiras Laucevicius",1985,"After finding an old rifle, a young boy joins the Soviet resistance movement against ruthless German forces and experiences the horrors of World War II.","2,h, ,22,m","Drama,Thriller,War",Soviet Union,Not Rated,8.4,Come and See,Original title: Idi i smotri
"Orson Welles,Joseph Cotten,Dorothy Comingore",1941,"Following the death of publishing tycoon Charles Foster Kane, reporters scramble to uncover the meaning of his final utterance: 'Rosebud.'","1,h, ,59,m","Drama,Mystery",United States,PG,8.3,Citizen Kane,
"Jim Carrey,Kate Winslet,Tom Wilkinson",2004,"When their relationship turns sour, a couple undergoes a medical procedure to have each other erased from their memories for ever.","1,h, ,48,m","Drama,Romance,Sci-Fi",United States,R,8.3,Eternal Sunshine of the Spotless Mind,
"Keir Dullea,Gary Lockwood,William Sylvester",1968,"After uncovering a mysterious artifact buried beneath the Lunar surface, a spacecraft is sent to Jupiter to find its origins - a spacecraft manned by two men and the supercomputer H.A.L. 9000.","2,h, ,29,m","Adventure,Sci-Fi","United Kingdom,United States",G,8.3,2001: A Space Odyssey,
"Harvey Keitel,Tim Roth,Michael Madsen",1992,"When a simple jewelry heist goes horribly wrong, the surviving criminals begin to suspect that one of them is a police informant.","1,h, ,39,m","Crime,Thriller",United States,R,8.3,Reservoir Dogs,
"Zain Al Rafeea,Yordanos Shiferaw,Boluwatife Treasure Bankole",2018,"While serving a five-year sentence for a violent crime, a 12-year-old boy sues his parents for neglect.","2,h, ,6,m",Drama,"Lebanon,France,Cyprus,Qatar,United Kingdom",R,8.4,Capernaum,Original title: Capharnaüm
"Mark Hamill,Harrison Ford,Carrie Fisher",1983,"After a daring mission to rescue Han Solo from Jabba the Hutt, the Rebels dispatch to Endor to destroy the second Death Star. Meanwhile, Luke struggles to help Darth Vader back from the dark side without falling into the Emperor's trap.","2,h, ,11,m","Action,Adventure,Fantasy",United States,PG,8.3,Star Wars: Episode VI - Return of the Jedi,
"Toshirô Mifune,Yutaka Sada,Tatsuya Nakadai",1963,An executive of a Yokohama shoe company becomes a victim of extortion when his chauffeur's son is kidnapped by mistake and held for ransom.,"2,h, ,23,m","Crime,Drama,Mystery",Japan,Not Rated,8.4,High and Low,Original title: Tengoku to jigoku
"Tom Hanks,Tim Allen,Joan Cusack",2010,"The toys are mistakenly delivered to a day-care center instead of the attic right before Andy leaves for college, and it's up to Woody to convince the other toys that they weren't abandoned and to return home.","1,h, ,43,m","Animation,Adventure,Comedy",United States,G,8.3,Toy Story 3,
"Gene Kelly,Donald O'Connor,Debbie Reynolds",1952,A silent film star falls for a chorus girl just as he and his delusionally jealous screen partner are trying to make the difficult transition to talking pictures in 1920s Hollywood.,"1,h, ,43,m","Comedy,Musical,Romance",United States,G,8.3,Singin' in the Rain,
"Aamir Khan,Madhavan,Mona Singh",2009,"Two friends are searching for their long lost companion. They revisit their college days and recall the memories of their friend who inspired them to think differently, even as the rest of the world called them ""idiots"".","2,h, ,50,m","Comedy,Drama",India,PG-13,8.4,3 Idiots,
"Ellen Burstyn,Jared Leto,Jennifer Connelly",2000,The drug-induced utopias of four Coney Island people are shattered when their addictions run deep.,"1,h, ,42,m",Drama,United States,Unrated,8.3,Requiem for a Dream,
"Ryûnosuke Kamiki,Mone Kamishiraishi,Ryô Narita",2016,"Two strangers find themselves linked in a bizarre way. When a connection forms, will distance be the only thing to keep them apart?","1,h, ,46,m","Animation,Drama,Fantasy",Japan,TV-PG,8.4,Your Name.,Original title: Kimi no Na wa.
"Tom Cruise,Jennifer Connelly,Miles Teller",2022,"After thirty years, Maverick is still pushing the envelope as a top naval aviator, but must confront ghosts of his past when he leads TOP GUN's elite graduates on a mission that demands the ultimate sacrifice from those chosen to fly it.","2,h, ,10,m","Action,Drama",United States,PG-13,8.4,Top Gun: Maverick,
"Robert De Niro,James Woods,Elizabeth McGovern",1984,"A former Prohibition-era Jewish gangster returns to the Lower East Side of Manhattan 35 years later, where he must once again confront the ghosts and regrets of his old life.","3,h, ,49,m","Crime,Drama","Italy,United States",R,8.3,Once Upon a Time in America,
"Robin Williams,Matt Damon,Ben Affleck",1997,"Will Hunting, a janitor at M.I.T., has a gift for mathematics, but needs help from a psychologist to find direction in his life.","2,h, ,6,m","Drama,Romance",United States,R,8.3,Good Will Hunting,
"Yôji Matsuda,Yuriko Ishida,Yûko Tanaka",1997,"On a journey to find the cure for a Tatarigami's curse, Ashitaka finds himself in the middle of a war between the forest gods and Tatara, a mining colony. In this quest he also meets San, the Mononoke Hime.","2,h, ,14,m","Animation,Action,Adventure",Japan,PG-13,8.4,Princess Mononoke,Original title: Mononoke-hime
"Robert Downey Jr.,Chris Evans,Mark Ruffalo",2019,"After the devastating events of Avengers: Infinity War (2018), the universe is in ruins. With the help of remaining allies, the Avengers assemble once more in order to reverse Thanos' actions and restore balance to the universe.","3,h, ,1,m","Action,Adventure,Drama",United States,PG-13,8.4,Avengers: Endgame,
"Jürgen Prochnow,Herbert Grönemeyer,Klaus Wennemann",1981,A German U-boat stalks the frigid waters of the North Atlantic as its young crew experience the sheer terror and claustrophobic life of a submariner in World War II.,"2,h, ,29,m","Drama,War","West Germany,Italy,France,United Kingdom",,8.4,The Boat,Original title: Das Boot
"Anthony Gonzalez,Gael García Bernal,Benjamin Bratt",2017,"Aspiring musician Miguel, confronted with his family's ancestral ban on music, enters the Land of the Dead to find his great-great-grandfather, a legendary singer.","1,h, ,45,m","Animation,Adventure,Comedy",United States,PG,8.4,Coco,
"Mel Gibson,Sophie Marceau,Patrick McGoohan",1995,Scottish warrior William Wallace leads his countrymen in a rebellion to free his homeland from the tyranny of King Edward I of England.,"2,h, ,58,m","Biography,Drama,History",United States,R,8.4,Braveheart,
"Tom Hanks,Tim Allen,Don Rickles",1995,A cowboy doll is profoundly threatened and jealous when a new spaceman action figure supplants him as top toy in a boy's bedroom.,"1,h, ,21,m","Animation,Adventure,Comedy",United States,G,8.3,Toy Story,
"F. Murray Abraham,Tom Hulce,Elizabeth Berridge",1984,"The life, success and troubles of Wolfgang Amadeus Mozart, as told by Antonio Salieri, the contemporaneous composer who was deeply jealous of Mozart's talent and claimed to have murdered him.","2,h, ,40,m","Biography,Drama,Music","United States,France,Italy",PG,8.4,Amadeus,
"Joaquin Phoenix,Robert De Niro,Zazie Beetz",2019,A mentally troubled stand-up comedian embarks on a downward spiral that leads to the creation of an iconic villain.,"2,h, ,2,m","Crime,Drama,Thriller","United States,Canada",R,8.4,Joker,
"Choi Min-sik,Yoo Ji-tae,Kang Hye-jeong",2003,"After being kidnapped and imprisoned for fifteen years, Oh Dae-Su is released, only to find that he must find his captor in five days.","2,h","Action,Drama,Mystery",South Korea,R,8.4,Oldboy,Original title: Oldeuboi
"Brad Pitt,Diane Kruger,Eli Roth",2009,"In Nazi-occupied France during World War II, a plan to assassinate Nazi leaders by a group of Jewish U.S. soldiers coincides with a theatre owner's vengeful plans for the same.","2,h, ,33,m","Adventure,Drama,War","Germany,United States",R,8.3,Inglourious Basterds,
"Peter Sellers,George C. Scott,Sterling Hayden",1964,"An insane American general orders a bombing attack on the Soviet Union, triggering a path to nuclear holocaust that a war room full of politicians and generals frantically tries to stop.","1,h, ,35,m","Comedy,War","United Kingdom,United States",PG,8.4,Dr. Strangelove or: How I Learned to Stop Worrying and Love the Bomb,
"Kevin Spacey,Annette Bening,Thora Birch",1999,A sexually frustrated suburban father has a mid-life crisis after becoming infatuated with his daughter's best friend.,"2,h, ,2,m",Drama,United States,R,8.4,American Beauty,
"Christian Bale,Tom Hardy,Anne Hathaway",2012,"Eight years after the Joker's reign of anarchy, Batman, with the help of the enigmatic Selina Kyle, is forced from his exile to save Gotham City from the brutal guerrilla terrorist Bane.","2,h, ,44,m","Action,Drama","United States,United Kingdom",PG-13,8.4,The Dark Knight Rises,
"Shameik Moore,Jake Johnson,Hailee Steinfeld",2018,"Teen Miles Morales becomes the Spider-Man of his universe, and must join with five spider-powered individuals from other dimensions to stop a threat for all realities.","1,h, ,57,m","Animation,Action,Adventure",United States,PG,8.4,Spider-Man: Into the Spider-Verse,
"Robert Downey Jr.,Chris Hemsworth,Mark Ruffalo",2018,The Avengers and their allies must be willing to sacrifice all in an attempt to defeat the powerful Thanos before his blitz of devastation and ruin puts an end to the universe.,"2,h, ,29,m","Action,Adventure,Sci-Fi",United States,PG-13,8.4,Avengers: Infinity War,
"Jack Nicholson,Shelley Duvall,Danny Lloyd",1980,"A family heads to an isolated hotel for the winter where a sinister presence influences the father into violence, while his psychic son sees horrific forebodings from both past and future.","2,h, ,26,m","Drama,Horror","United Kingdom,United States",R,8.4,The Shining,
"Sigourney Weaver,Michael Biehn,Carrie Henn",1986,"Fifty-seven years after surviving an apocalyptic attack aboard her space vessel by merciless space creatures, Officer Ripley awakens from hyper-sleep and tries to warn anyone who will listen about the predators.","2,h, ,17,m","Action,Adventure,Sci-Fi","United Kingdom,United States",R,8.4,Aliens,
"Ulrich Mühe,Martina Gedeck,Sebastian Koch",2006,,"2,h, ,17,m","Drama,Mystery,Thriller","Germany,France",R,8.4,The Lives of Others,Original title: Das Leben der Anderen
"Tyrone Power,Marlene Dietrich,Charles Laughton",1957,A veteran British barrister must defend his client in a murder trial that has surprise after surprise.,"1,h, ,56,m","Crime,Drama,Mystery",United States,Approved,8.4,Witness for the Prosecution,
"Charles Chaplin,Paulette Goddard,Jack Oakie",1940,Dictator Adenoid Hynkel tries to expand his empire while a poor Jewish barber tries to avoid persecution from Hynkel's regime.,"2,h, ,5,m","Comedy,Drama,War",United States,G,8.4,The Great Dictator,
"Kirk Douglas,Ralph Meeker,Adolphe Menjou",1957,"After refusing to attack an enemy position, a general accuses the soldiers of cowardice and their commanding officer must defend them.","1,h, ,28,m","Drama,War",United States,Approved,8.4,Paths of Glory,
"William Holden,Gloria Swanson,Erich von Stroheim",1950,A screenwriter develops a dangerous relationship with a faded film star determined to make a triumphant return.,"1,h, ,50,m","Drama,Film-Noir",United States,Passed,8.4,Sunset Blvd.,
"Ben Burtt,Elissa Knight,Jeff Garlin",2008,"In the distant future, a small waste-collecting robot inadvertently embarks on a space journey that will ultimately decide the fate of mankind.","1,h, ,38,m","Animation,Adventure,Family",United States,G,8.4,WALL·E,
"Jamie Foxx,Christoph Waltz,Leonardo DiCaprio",2012,"With the help of a German bounty-hunter, a freed slave sets out to rescue his wife from a brutal plantation-owner in Mississippi.","2,h, ,45,m","Drama,Western",United States,R,8.4,Django Unchained,
"Sigourney Weaver,Tom Skerritt,John Hurt",1979,The crew of a commercial spacecraft encounter a deadly lifeform after investigating an unknown transmission.,"1,h, ,57,m","Horror,Sci-Fi","United Kingdom,United States",R,8.5,Alien,
"Guy Pearce,Carrie-Anne Moss,Joe Pantoliano",2000,A man with short-term memory loss attempts to track down his wife's murderer.,"1,h, ,53,m","Mystery,Thriller",United States,R,8.4,Memento,
"Martin Sheen,Marlon Brando,Robert Duvall",1979,A U.S. Army officer serving in Vietnam is tasked with assassinating a renegade Special Forces Colonel who sees himself as a god.,"2,h, ,27,m","Drama,Mystery,War",United States,R,8.5,Apocalypse Now,
"Charles Chaplin,Virginia Cherrill,Florence Lee",1931,,"1,h, ,27,m","Comedy,Drama,Romance",United States,G,8.5,City Lights,
"Philippe Noiret,Enzo Cannavale,Antonella Attili",1988,A filmmaker recalls his childhood when falling in love with the pictures at the cinema of his home village and forms a deep friendship with the cinema's projectionist.,"2,h, ,35,m","Drama,Romance","Italy,France",PG,8.5,Cinema Paradiso,Original title: Nuovo Cinema Paradiso
"Harrison Ford,Karen Allen,Paul Freeman",1981,"Archaeology professor Indiana Jones ventures to seize a biblical artefact known as the Ark of the Covenant. While doing so, he puts up a fight against Renee and a troop of Nazis.","1,h, ,55,m","Action,Adventure",United States,PG,8.4,Indiana Jones and the Raiders of the Lost Ark,Original title: Raiders of the Lost Ark
"James Stewart,Grace Kelly,Wendell Corey",1954,"A wheelchair-bound photographer spies on his neighbors from his Greenwich Village courtyard apartment window, and becomes convinced one of them has committed murder, despite the skepticism of his fashion-model girlfriend.","1,h, ,52,m","Mystery,Thriller",United States,PG,8.5,Rear Window,
"Adrien Brody,Thomas Kretschmann,Frank Finlay",2002,A Polish Jewish musician struggles to survive the destruction of the Warsaw ghetto of World War II.,"2,h, ,30,m","Biography,Drama,Music","France,Poland,Germany,United Kingdom",R,8.5,The Pianist,
"Daveigh Chase,Suzanne Pleshette,Miyu Irino",2001,"During her family's move to the suburbs, a sullen 10-year-old girl wanders into a world ruled by gods, witches, and spirits, and where humans are changed into beasts.","2,h, ,5,m","Animation,Adventure,Family",Japan,PG,8.6,Spirited Away,Original title: Sen to Chihiro no kamikakushi
"Michael J. Fox,Christopher Lloyd,Lea Thompson",1985,"Marty McFly, a 17-year-old high school student, is accidentally sent 30 years into the past in a time-traveling DeLorean invented by his close friend, the maverick scientist Doc Brown.","1,h, ,56,m","Adventure,Comedy,Sci-Fi",United States,PG,8.5,Back to the Future,
"Mark Hamill,Harrison Ford,Carrie Fisher",1977,"Luke Skywalker joins forces with a Jedi Knight, a cocky pilot, a Wookiee and two droids to save the galaxy from the Empire's world-destroying battle station, while also attempting to rescue Princess Leia from the mysterious Darth Vader.","2,h, ,1,m","Action,Adventure,Fantasy",United States,PG,8.6,Star Wars: Episode IV - A New Hope,Original title: Star Wars
"Arnold Schwarzenegger,Linda Hamilton,Edward Furlong",1991,"A cyborg, identical to the one who failed to kill Sarah Connor, must now protect her 10-year old adolescent son John from an even more advanced and powerful cyborg.","2,h, ,17,m","Action,Sci-Fi",United States,R,8.6,Terminator 2: Judgment Day,
"Anthony Perkins,Janet Leigh,Vera Miles",1960,"A Phoenix secretary embezzles $40,000 from her employer's client, goes on the run and checks into a remote motel run by a young man under the domination of his mother.","1,h, ,49,m","Horror,Mystery,Thriller",United States,R,8.5,Psycho,
"Tom Hanks,Michael Clarke Duncan,David Morse",1999,"The lives of guards on Death Row are affected by one of their charges: a black man accused of child murder and rape, yet who has a mysterious gift.","3,h, ,9,m","Crime,Drama,Fantasy",United States,R,8.6,The Green Mile,
"Roberto Benigni,Nicoletta Braschi,Giorgio Cantarini",1997,"When an open-minded Jewish waiter and his son become victims of the Holocaust, he uses a perfect mixture of will, humor, and imagination to protect his son from the dangers around their camp.","1,h, ,56,m","Comedy,Drama,Romance",Italy,PG-13,8.6,Life Is Beautiful,Original title: La vita è bella
"Matthew McConaughey,Anne Hathaway,Jessica Chastain",2014,A team of explorers travel through a wormhole in space in an attempt to ensure humanity's survival.,"2,h, ,49,m","Adventure,Drama,Sci-Fi","United States,United Kingdom,Canada",PG-13,8.6,Interstellar,
"Tom Hanks,Matt Damon,Tom Sizemore",1998,"Following the Normandy Landings, a group of U.S. soldiers go behind enemy lines to retrieve a paratrooper whose brothers have been killed in action.","2,h, ,49,m","Drama,War",United States,R,8.6,Saving Private Ryan,
"Jodie Foster,Anthony Hopkins,Lawrence A. Bonney",1991,"A young F.B.I. cadet must receive the help of an incarcerated and manipulative cannibal killer to help catch another serial killer, a madman who skins his victims.","1,h, ,58,m","Crime,Drama,Thriller",United States,R,8.6,The Silence of the Lambs,
"Alexandre Rodrigues,Leandro Firmino,Matheus Nachtergaele",2002,"In the slums of Rio, two kids' paths diverge as one struggles to become a photographer and the other a kingpin.","2,h, ,10,m","Crime,Drama","Brazil,France,Germany",R,8.6,City of God,Original title: Cidade de Deus
"Toshirô Mifune,Takashi Shimura,Keiko Tsushima",1954,"Farmers from a village exploited by bandits hire a veteran samurai for protection, who gathers six other samurai to join him.","3,h, ,27,m","Action,Drama",Japan,Not Rated,8.6,Seven Samurai,Original title: Shichinin no samurai
"James Stewart,Donna Reed,Lionel Barrymore",1946,An angel is sent from Heaven to help a desperately frustrated businessman by showing him what life would have been like if he had never existed.,"2,h, ,10,m","Drama,Family,Fantasy",United States,PG,8.6,It's a Wonderful Life,
"Robert De Niro,Ray Liotta,Joe Pesci",1990,"The story of Henry Hill and his life in the mob, covering his relationship with his wife Karen Hill and his mob partners Jimmy Conway and Tommy DeVito in the Italian-American crime syndicate.","2,h, ,25,m","Biography,Crime,Drama",United States,R,8.7,Goodfellas,
"Jack Nicholson,Louise Fletcher,Michael Berryman",1975,"In the Fall of 1963, a Korean War veteran and criminal pleads insanity and is admitted to a mental institution, where he rallies up the scared patients against the tyrannical nurse.","2,h, ,13,m",Drama,United States,R,8.7,One Flew Over the Cuckoo's Nest,
"Morgan Freeman,Brad Pitt,Kevin Spacey",1995,"Two detectives, a rookie and a veteran, hunt a serial killer who uses the seven deadly sins as his motives.","2,h, ,7,m","Crime,Drama,Mystery",United States,R,8.6,Se7en,
"Mark Hamill,Harrison Ford,Carrie Fisher",1980,"After the Rebels are brutally overpowered by the Empire on the ice planet Hoth, Luke Skywalker begins Jedi training with Yoda, while his friends are pursued across the galaxy by Darth Vader and bounty hunter Boba Fett.","2,h, ,4,m","Action,Adventure,Fantasy",United States,PG,8.7,Star Wars: Episode V - The Empire Strikes Back,Original title: The Empire Strikes Back
"Keanu Reeves,Laurence Fishburne,Carrie-Anne Moss",1999,"When a beautiful stranger leads computer hacker Neo to a forbidding underworld, he discovers the shocking truth--the life he knows is the elaborate deception of an evil cyber-intelligence.","2,h, ,16,m","Action,Sci-Fi","United States,Australia",R,8.7,The Matrix,
"Elijah Wood,Ian McKellen,Viggo Mortensen",2002,"While Frodo and Sam edge closer to Mordor with the help of the shifty Gollum, the divided fellowship makes a stand against Sauron's new ally, Saruman, and his hordes of Isengard.","2,h, ,59,m","Action,Adventure,Drama","New Zealand,United States",PG-13,8.8,The Lord of the Rings: The Two Towers,
"Leonardo DiCaprio,Joseph Gordon-Levitt,Elliot Page",2010,"A thief who steals corporate secrets through the use of dream-sharing technology is given the inverse task of planting an idea into the mind of a C.E.O., but his tragic past may doom the project and his team to disaster.","2,h, ,28,m","Action,Adventure,Sci-Fi","United States,United Kingdom",PG-13,8.8,Inception,
"Brad Pitt,Edward Norton,Meat Loaf",1999,An insomniac office worker and a devil-may-care soap maker form an underground fight club that evolves into much more.,"2,h, ,19,m",Drama,"Germany,United States",R,8.8,Fight Club,
"Clint Eastwood,Eli Wallach,Lee Van Cleef",1966,A bounty hunting scam joins two men in an uneasy alliance against a third in a race to find a fortune in gold buried in a remote cemetery.,"2,h, ,58,m","Adventure,Western","Italy,Spain,West Germany",R,8.8,"The Good, the Bad and the Ugly","Original title: Il buono, il brutto, il cattivo"
"Tom Hanks,Robin Wright,Gary Sinise",1994,"The presidencies of Kennedy and Johnson, the Vietnam War, the Watergate scandal and other historical events unfold from the perspective of an Alabama man with an IQ of 75, whose only desire is to be reunited with his childhood sweetheart.","2,h, ,22,m","Drama,Romance",United States,PG-13,8.8,Forrest Gump,
"Liam Neeson,Ralph Fiennes,Ben Kingsley",1993,"In German-occupied Poland during World War II, industrialist Oskar Schindler gradually becomes concerned for his Jewish workforce after witnessing their persecution by the Nazis.","3,h, ,15,m","Biography,Drama,History",United States,R,9.0,Schindler's List,
"John Travolta,Uma Thurman,Samuel L. Jackson",1994,"The lives of two mob hitmen, a boxer, a gangster and his wife, and a pair of diner bandits intertwine in four tales of violence and redemption.","2,h, ,34,m","Crime,Drama",United States,R,8.9,Pulp Fiction,
"Elijah Wood,Ian McKellen,Orlando Bloom",2001,A meek Hobbit from the Shire and eight companions set out on a journey to destroy the powerful One Ring and save Middle-earth from the Dark Lord Sauron.,"2,h, ,58,m","Action,Adventure,Drama","New Zealand,United States",PG-13,8.8,The Lord of the Rings: The Fellowship of the Ring,
"Elijah Wood,Viggo Mortensen,Ian McKellen",2003,Gandalf and Aragorn lead the World of Men against Sauron's army to draw his gaze from Frodo and Sam as they approach Mount Doom with the One Ring.,"3,h, ,21,m","Action,Adventure,Drama","New Zealand,United States",PG-13,9.0,The Lord of the Rings: The Return of the King,
"Henry Fonda,Lee J. Cobb,Martin Balsam",1957,The jury in a New York City murder trial is frustrated by a single member whose skeptical caution forces them to more carefully consider the evidence before jumping to a hasty verdict.,"1,h, ,36,m","Crime,Drama",United States,Approved,9.0,12 Angry Men,
"Al Pacino,Robert De Niro,Robert Duvall",1974,"The early life and career of Vito Corleone in 1920s New York City is portrayed, while his son, Michael, expands and tightens his grip on the family crime syndicate.","3,h, ,22,m","Crime,Drama",United States,R,9.0,The Godfather Part II,
"Marlon Brando,Al Pacino,James Caan",1972,The aging patriarch of an organized crime dynasty in postwar New York City transfers control of his clandestine empire to his reluctant youngest son.,"2,h, ,55,m","Crime,Drama",United States,R,9.2,The Godfather,
"Christian Bale,Heath Ledger,Aaron Eckhart",2008,"When the menace known as the Joker wreaks havoc and chaos on the people of Gotham, Batman must accept one of the greatest psychological and physical tests of his ability to fight injustice.","2,h, ,32,m","Action,Crime,Drama","United States,United Kingdom",PG-13,9.0,The Dark Knight,
