acteurs,date,descriptions,duree,genre,pays,public,score,titre,titre_original
"David Attenborough,Chadden Hunter,Gordon Buchanan",2016,David Attenborough returns with a new wildlife documentary that shows life in a variety of habitats.,298,Documentary,"United Kingdom,Germany,France,China,United States",TV-G,9.5,Planet Earth II,
"Hajime Yatate,Kôichi Yamadera,Unshô Ishizuka,Megumi Hayashibara",1998–1999,The futuristic misadventures and tragedies of an easygoing bounty hunter and his partners.,24,"Animation,Action,Adventure",Japan,TV-14,8.9,Cowboy Bebop,Original title: Kaubôi bibappu
"Nathan Fielder,Michael Koman,Nathan Fielder,Anthony Filosa,Salomon Flores",2013–2017,"Nathan Fielder uses his business degree and life experiences to help real small businesses turn a profit. But because of his unorthodox approach, Nathan's genuine efforts to do good often draw real people into an experience far beyond what they signed up for.",30,"Documentary,Comedy",United States,TV-14,8.9,Nathan for You,
"Noah Hawley,Billy Bob Thornton,Martin Freeman,Allison Tolman",2014– ,"Various chronicles of deception, intrigue and murder in and around frozen Minnesota. Yet all of these tales mysteriously lead back one way or another to Fargo, North Dakota.",53,"Crime,Drama,Thriller",United States,TV-MA,8.9,Fargo,
"Jeremy Clarkson,Kaleb Cooper,Charlie Ireland",2021– ,Follow Jeremy Clarkson as he attempts to run a farm in the countryside.,45,"Documentary,Comedy,Reality-TV",United Kingdom,TV-PG,9.0,Clarkson's Farm,
"Alex Hirsch,Jason Ritter,Alex Hirsch,Kristen Schaal",2012–2016,"Twin siblings Dipper and Mabel Pines spend the summer at their great-uncle's tourist trap in the enigmatic Gravity Falls, Oregon.",23,"Animation,Action,Adventure",United States,TV-Y7,8.9,Gravity Falls,
"Haluk Bilginer,Cansu Dere,Metin Akdülger",2018,A man diagnosed with Alzheimer's decides to punish criminals.,65,"Crime,Drama,Mystery",Turkey,TV-MA,9.0,Persona,Original title: Sahsiyet
"Artur Barcis,Olgierd Lukaszewicz,Olaf Lubaszenko",1989–1990,"Ten television drama films, each one based on one of the Ten Commandments.",572,Drama,"Poland,West Germany",TV-MA,9.0,Dekalog,
"The Beatles,John Lennon,Paul McCartney",2021,Documentary about the music group The Beatles featuring in-studio footage that was shot in early 1969 for the 1970 feature film 'Let It Be.',468,"Documentary,Biography,Music","United Kingdom,New Zealand,United States",PG-13,9.0,The Beatles: Get Back,
"Yoshihiro Togashi,Issei Futamata,Megumi Han,Cristina Valenzuela",2011–2014,"Gon Freecss aspires to become a Hunter, an exceptional being capable of greatness. With his friends and his potential, he seeks out his father, who left him when he was younger.",24,"Animation,Action,Adventure","Japan,Poland",TV-14,9.0,Hunter x Hunter,
"Larry David,Jerry Seinfeld,Jerry Seinfeld,Julia Louis-Dreyfus,Michael Richards",1989–1998,The continuing misadventures of neurotic New York City stand-up comedian Jerry Seinfeld and his equally neurotic New York City friends.,22,Comedy,United States,TV-PG,8.9,Seinfeld,
"John Sullivan,David Jason,Nicholas Lyndhurst,Roger Lloyd Pack",1981–2003,Comedy that follows two brothers from London's rough Peckham estate as they wheel and deal through a number of dodgy deals and search for the big score that'll make them millionaires.,95,Comedy,United Kingdom,TV-PG,9.0,Only Fools and Horses,Original title: Only Fools and Horses....
"Vince Gilligan,Peter Gould,Bob Odenkirk,Rhea Seehorn,Jonathan Banks",2015–2022,The trials and tribulations of criminal lawyer Jimmy McGill in the years leading up to his fateful run-in with Walter White and Jesse Pinkman.,46,"Crime,Drama",United States,TV-MA,8.9,Better Call Saul,
"David McCullough,Sam Waterston,Julie Harris",1990,A comprehensive survey of the American Civil War.,680,"Documentary,History,War",United States,TV-14,9.1,The Civil War,
"Nic Pizzolatto,Vince Vaughn,Colin Farrell,Rachel McAdams",2014–2019,"Seasonal anthology series in which police investigations unearth the personal and professional secrets of those involved, both within and outside the law.",55,"Crime,Drama,Mystery",United States,TV-MA,8.9,True Detective,
"Mamoru Miyano,Brad Swaile,Vincent Tong",2006–2007,An intelligent high school student goes on a secret crusade to eliminate criminals from the world after discovering a notebook capable of killing anyone whose name is written into it.,24,"Animation,Crime,Drama",Japan,TV-14,9.0,Death Note,Original title: Death Note: Desu nôto
"Anthony Horowitz,Michael Kitchen,Honeysuckle Weeks,Anthony Howell",2002–2015,"As WWII rages, DCS Foyle fights his own war on the home-front; investigating crime on the south coast of England. Later series, see the retired detective working as an MI5 agent in the aftermath of the war.",90,"Crime,Drama,Mystery",United Kingdom,TV-14,8.6,Foyle's War,
"Paul Giamatti,Laura Linney,John Dossett",2008,"The life of one of the USA's Founding Fathers, its second President, and his role in the nation's first 50 years.",71,"Biography,Drama,History",United States,TV-14,8.5,John Adams,
"Dylan Moran,Dylan Moran,Bill Bailey,Tamsin Greig",2000–2004,"Bernard Black runs a book shop, though his customer service skills leave something to be desired. He hires Manny as an employee. Fran runs the shop next door. Between the three of them many adventures ensue.",25,Comedy,United Kingdom,TV-PG,8.5,Black Books,
"Gülse Birsel,Levent Üzümcü,Senay Gürler",2004–2009,,60,Comedy,Turkey,,8.6,Avrupa Yakasi,
"Mark Edward Edens,Sidney Iwanter,Eric Lewald,Cedric Smith,Cal Dodd,Lenore Zann",1992–1997,A team of mutant superheroes fight for justice and human acceptance in the Marvel Comics universe.,23,"Animation,Action,Adventure","United States,Canada",TV-Y7,8.5,X-Men: The Animated Series,Original title: X-Men
"Lisa McGee,Saoirse-Monica Jackson,Louisa Harland,Tara Lynne O'Neill",2018–2022,The personal exploits of a 16-year-old girl and her family and friends during the Troubles in the early 1990s.,30,Comedy,United Kingdom,TV-MA,8.5,Derry Girls,
"Ann Biderman,Michael Cudlitz,Shawn Hatosy,Regina King",2009–2013,The lives of Police Officers working for the Los Angeles Police Department.,42,"Crime,Drama,Thriller",United States,TV-MA,8.5,Southland,
"Jack Amiel,Michael Begler,André Holland,Clive Owen,Jeremy Bobb",2014–2015,A look at the professional and personal lives of the staff at New York's Knickerbocker Hospital during the early part of the twentieth century.,58,"Drama,History",United States,TV-MA,8.5,The Knick,
"Paul Hollywood,Mary Berry,Prue Leith",2010– ,Bakers attempt three challenges each week trying to impress the judges enough to go through to the next round and eventually are crowned Britain's best amateur baker.,60,Reality-TV,United Kingdom,TV-PG,8.6,The Great British Baking Show,Original title: The Great British Bake Off
"Bono,Stevie Nicks,Dr. Dre",2017,"""The Defiant Ones"" examines the partnership between Jimmy Iovine and Dr. Dre - one the son of a Brooklyn longshoreman, the other straight out of Compton - and their leading roles in a chain of transformative events in contemporary culture.",60,"Documentary,Biography,Crime",United States,TV-MA,8.5,The Defiant Ones,
"Alfred Hitchcock,Harry Tyler,John Williams",1955–1962,"Series of unrelated short stories covering elements of crime, horror, drama, and comedy about people of different backgrounds committing murders, suicides, thefts, and other sorts of crime caused by certain motivations, perceived or not.",25,"Comedy,Crime,Drama",United States,TV-14,8.5,Alfred Hitchcock Presents,
"Natsuki Hanae,Risa Taneda,Ayane Sakura",2014–2015,A piano prodigy who lost his ability to play after suffering a traumatic event in his childhood is forced back into the spotlight by an eccentric girl with a secret of her own.,23,"Animation,Comedy,Drama",Japan,TV-PG,8.6,Your Lie in April,Original title: Shigatsu wa kimi no uso
"Reg Watson,Lara Radulovich,Kate Atkinson,Katrina Milosevic,Robbie Magasiva",2013–2021,The confronting look into the lives of the inmates and prison staff of Wentworth Correctional Centre as they navigate the ups and downs of their lives in the prison system.,45,"Crime,Drama,Thriller",Australia,TV-MA,8.6,Wentworth,
"David E. Kelley,Reese Witherspoon,Nicole Kidman,Shailene Woodley",2017–2019,The apparently-perfect lives of upper-class mothers of students at a prestigious elementary school unravel to the point of murder when a single mother moves to their quaint California beach town.,60,"Crime,Drama,Mystery",United States,TV-MA,8.5,Big Little Lies,
"Saverio Costanzo,Alba Rohrwacher,Margherita Mazzucco,Gaia Girace",2018– ,A woman recounts the lifelong friendship and conflicts with a girl she met at primary school in Naples during the early 1950s.,60,Drama,"Italy,United States",TV-MA,8.6,My Brilliant Friend,Original title: L'amica geniale
"J.G. Quintel,J.G. Quintel,William Salyers,Sam Marin",2009–2017,The daily surreal adventures of a blue jay and raccoon duo that attempt to deal with their mundane jobs as groundskeepers at the local park.,23,"Animation,Action,Adventure",United States,TV-PG,8.5,Regular Show,
"James Rolfe,James Rolfe,Mike Matei,Kyle Justin",2004– ,,35,Comedy,United States,TV-MA,8.5,The Angry Video Game Nerd,
"Alexander Skarsgård,James Ransone,Lee Tergesen",2008,"A Rolling Stone reporter, embedded with The 1st Recon Marines chronicles his experiences during the first wave of the American-led assault on Baghdad in 2003.",70,"Drama,War","United States,United Kingdom",TV-MA,8.5,Generation Kill,
"Richard Price,Steven Zaillian,Riz Ahmed,John Turturro,Bill Camp",2016,"After a night of partying with a woman he picked up, a man wakes up to find her stabbed to death and is charged with her murder.",525,"Crime,Drama,Mystery",United States,TV-MA,8.5,The Night Of,
"Massimo Bottura,Ruth Reichl,Francis Mallmann",2015–2019,"Chef's Table goes inside the lives and kitchens of six of the world's most renowned international chefs. Each episode focuses on a single chef and their unique look at their lives, talents and passion from their piece of culinary heaven.",50,Documentary,United States,TV-MA,8.5,Chef's Table,
"Scott Ryan,Scott Ryan,Chika Yasumura,Justin Rosniak",2018–2021,"Ray Shoesmith is a father, ex-husband, boyfriend, brother and best friend, tough roles to juggle in the modern age. Especially when you're also a criminal for hire.",30,"Crime,Drama",Australia,TV-MA,8.6,Mr Inbetween,
"Daniel Abraham,Mark Fergus,Ty Franck,Steven Strait,Dominique Tipper,Wes Chatham",2015–2022,"In the 24th century, a group of humans untangle a vast plot which threatens the Solar System's fragile state of detente.",60,"Drama,Mystery,Sci-Fi",United States,TV-14,8.5,The Expanse,
"Dan Harmon,Joel McHale,Danny Pudi,Donald Glover",2009–2015,A suspended lawyer is forced to enroll in a community college with an eccentric staff and student body.,22,Comedy,United States,TV-14,8.5,Community,
"Bryan Fuller,Hugh Dancy,Mads Mikkelsen,Caroline Dhavernas",2013–2015,Explores the early relationship between renowned psychiatrist Hannibal Lecter and a young FBI criminal profiler who is haunted by his ability to empathize with serial killers.,44,"Crime,Drama,Horror",United States,TV-MA,8.5,Hannibal,
"Ryan J. Condal,George R.R. Martin,Rhys Ifans,Matt Smith,Fabien Frankel",2022– ,"An internal succession war within House Targaryen at the height of its power, 172 years before the birth of Daenerys Targaryen.",0,"Action,Adventure,Drama",United States,TV-MA,8.5,House of the Dragon,
"Serban Pavlu,Maria Obretin,Andreea Vasile",2014–2019,"Umbre follows Relu, an enforcer for a small-time mob boss, as he struggles to keep his family in the dark about his job. The secrets Relu keeps become increasingly oppressive and the lies begin to surface.",45,"Crime,Drama,Thriller",Romania,TV-MA,8.8,Umbre,
"David X. Cohen,Matt Groening,Billy West,John DiMaggio,Katey Sagal",1999–2023,"Philip J. Fry, a pizza delivery boy, is accidentally frozen in 1999 and thawed out on New Year's Eve 2999.",22,"Animation,Adventure,Comedy",United States,TV-14,8.5,Futurama,
"Mayo Suzukaze,Junko Iwao,Nozomu Sasaki",1999,"In the era of Japan's Meiji Restoration, an assassin regains his humanity.",118,"Animation,Action,Adventure",Japan,TV-MA,8.6,Rurouni Kenshin: Trust and Betrayal,Original title: Rurouni Kenshin: Meiji Kenkaku Romantan: Tsuioku Hen
"Josh Heald,Jon Hurwitz,Hayden Schlossberg,Ralph Macchio,William Zabka,Courtney Henggeler",2018– ,"Decades after their 1984 All Valley Karate Tournament bout, a middle-aged Daniel LaRusso and Johnny Lawrence find themselves martial-arts rivals again.",30,"Action,Comedy,Drama",United States,TV-14,8.5,Cobra Kai,
"Dan Levy,Eugene Levy,Eugene Levy,Catherine O'Hara,Dan Levy",2015–2020,"After being a victim of fraud, Johnny Rose and his family go from extremely wealthy to penniless overnight. The only asset left to them is a small, unsophisticated town: Schitt's Creek. They relocate there. Culture shock ensues.",22,Comedy,"Canada,United States",TV-14,8.5,Schitt's Creek,
"Junya Enoki,Adam McArthur,Yûichi Nakamura",2020– ,A boy swallows a cursed talisman - the finger of a demon - and becomes cursed himself. He enters a shaman's school to be able to locate the demon's other body parts and thus exorcise himself.,24,"Animation,Action,Adventure",Japan,TV-MA,8.6,Jujutsu Kaisen,
"Steven S. DeKnight,John Hannah,Manu Bennett,Peter Mensah",2011,"In the time before the arrival of Spartacus, the House of Batiatus faces many challenges from competitors, and within its own household.",331,"Action,Adventure,Biography",United States,TV-MA,8.5,Spartacus: Gods of the Arena,
"Tom Hanks,Nick Searcy,Lane Smith",1998,Dramatized portrayal of the Apollo manned space program.,60,"Action,Drama,History",United States,TV-14,8.6,From the Earth to the Moon,
"Mark Frost,David Lynch,Kyle MacLachlan,Sheryl Lee,Michael Horse",2017,Picks up 25 years after the inhabitants of a quaint northwestern town are stunned when their homecoming queen is murdered.,60,"Crime,Drama,Horror",United States,TV-MA,8.5,Twin Peaks,
"John Altschuler,Mike Judge,Dave Krinsky,Thomas Middleditch,T.J. Miller,Josh Brener",2014–2019,"Follows the struggle of Richard Hendricks, a Silicon Valley engineer trying to build his own company called Pied Piper.",28,Comedy,United States,TV-MA,8.5,Silicon Valley,
"Mike Clattenburg,John Paul Tremblay,Robb Wells,Mike Smith",2001–2018,Three petty felons have a documentary made about their life in a trailer park.,30,"Comedy,Crime",Canada,TV-MA,8.6,Trailer Park Boys,
"Mackenzie Crook,Mackenzie Crook,Toby Jones,Gerard Horan",2014–2022,"The lives of two eccentric metal detectorists, who spend their days plodding along ploughed tracks and open fields, hoping to disturb the tedium by unearthing the fortune of a lifetime.",30,Comedy,United Kingdom,TV-14,8.6,Detectorists,
"Shaun Evans,Roger Allam,James Bradshaw",2012–2022,"Set from 1965 to 1971, the show follows Endeavour Morse in his early years as a police constable. Working alongside his senior partner DI Fred Thursday, Morse engages in a number of investigations around Oxford.",89,"Crime,Drama,Mystery",United Kingdom,TV-14,8.6,Endeavour,
"Sydney Newman,Jodie Whittaker,Peter Capaldi,Pearl Mackie",2005– ,The further adventures in time and space of the alien adventurer known as the Doctor and their companions from planet Earth.,45,"Adventure,Drama,Sci-Fi","United Kingdom,United States",TV-PG,8.6,Doctor Who,
"Kurt Sutter,Charlie Hunnam,Katey Sagal,Mark Boone Junior",2008–2014,A biker struggles to balance being a father and being involved in an outlaw motorcycle club.,45,"Crime,Drama,Thriller",United States,TV-MA,8.6,Sons of Anarchy,
"Park Eun-bin,Kang Tae-oh,Kang Ki-young",2022,"About an autistic 27-year-old lawyer. Due to her high IQ of 164, impressive memory, and creative thought process, the brilliant Woo Young Woo graduated at the top of her class from a prestigious law school.",75,Drama,South Korea,TV-14,8.7,Extraordinary Attorney Woo,Original title: I-sang-han byeon-ho-sa U-yeong-u
"Hideaki Anno,Megumi Ogata,Megumi Hayashibara,Kotono Mitsuishi",1995–1996,A teenage boy finds himself recruited as a member of an elite team of pilots by his father.,24,"Animation,Action,Drama",Japan,TV-MA,8.5,Neon Genesis Evangelion,Original title: Shin seiki evangerion
"Daniela Denby-Ashe,Richard Armitage,Tim Pigott-Smith",2004,"North and South is a four part adaptation of Elizabeth Gaskell's love story of Margaret Hale, a middle class southerner who is forced to move to the northern town of Milton.",235,"Drama,Romance",United Kingdom,TV-PG,8.6,North & South,
"Setsuo Ito,Takahiro Sakurai,Akio Ôtsuka",2016– ,"A psychic middle school boy tries to live a normal life and keep his growing powers under control, even though he constantly gets into trouble.",24,"Animation,Action,Comedy",Japan,TV-14,8.6,Mob Psycho 100,
"Kenan Imirzalioglu,Cansu Dere,Yigit Özsener",2009–2011,"Betrayed by his trusted friends and the woman he loved, Ömer Uçar returns as Ezel to exact his vengeance.",90,"Crime,Drama,Thriller",Turkey,TV-14,8.7,Ezel,
"Vic Mignogna,Aaron Dismuke,Romi Park",2003–2004,"When a failed alchemical ritual leaves brothers Edward and Alphonse Elric with severely damaged bodies, they begin searching for the one thing that can save them: the fabled philosopher's stone.",24,"Animation,Action,Adventure",Japan,TV-PG,8.5,Fullmetal Alchemist,Original title: Hagane no renkinjutsushi
"Genndy Tartakovsky,Phil LaMarr,Mako,Kevin Michael Richardson",2001–2017,"A samurai, sent through time, fights to return home and save the world.",25,"Animation,Action,Adventure",United States,TV-MA,8.5,Samurai Jack,
"Julie Andem,Josefine Frida Pettersen,Iman Meskini,Ulrikke Falch",2015–2017,"The story of young teenagers and pupils on Hartvig Nissens upper secondary school in Oslo, and their troubles, scandals and everyday life. Each season is told from a different person's point of view.",30,"Drama,Romance",Norway,Not Rated,8.6,Skam,
"Steven S. DeKnight,Andy Whitfield,Lucy Lawless,Manu Bennett",2010–2013,"The life of Spartacus, the gladiator who lead a rebellion against the Romans. From his time as an ally of the Romans, to his betrayal and becoming a gladiator, to the rebellion he leads and its ultimate outcome.",55,"Action,Adventure,Biography",United States,TV-MA,8.5,Spartacus,Original title: Spartacus: Blood and Sand
"Paul Abbott,John Wells,Emmy Rossum,William H. Macy,Ethan Cutkosky",2011–2021,"A scrappy, feisty, fiercely loyal Chicago family makes no apologies.",46,"Comedy,Drama",United States,TV-MA,8.6,Shameless,
"Christopher Morris,Mark Heap,Kevin Eldon",1997–2001,,25,Comedy,United Kingdom,TV-MA,8.6,Brass Eye,
"Morgan Freeman,Sean Carroll,Michio Kaku",2010–2017,"Hosted by Morgan Freeman, Through the Wormhole will explore the deepest mysteries of existence - the questions that have puzzled mankind for eternity. What are we made of? What was there before the beginning? Are we really alone? Is there a creator? These questions have been pondered by the most exquisite minds of the human race. Now, science has evolved to the point ..., ",60,Documentary,United States,TV-PG,8.6,Through the Wormhole,
"Mark Leveson,Dan Patterson,Drew Carey,Colin Mochrie,Ryan Stiles",1998–2007,Improvisational comedy competition show in which four members of the regular cast as comedians and often with guest appearances with other comedians and celebrities and members of the audience perform various comic games and sketches.,30,"Comedy,Game-Show","United States,United Kingdom",TV-PG,8.5,Whose Line Is It Anyway?,
"Lisa Joy,Jonathan Nolan,Evan Rachel Wood,Jeffrey Wright,Ed Harris",2016–2022,"At the intersection of the near future and the reimagined past, waits a world in which every human appetite can be indulged without consequence.",62,"Drama,Mystery,Sci-Fi",United States,TV-MA,8.5,Westworld,
"Ricky Gervais,Stephen Merchant,Ricky Gervais,Martin Freeman,Mackenzie Crook",2001–2003,The story of an office that faces closure when the company decides to downsize its branches. A documentary film crew follow staff and the manager David Brent as they continue their daily lives.,30,"Comedy,Drama",United Kingdom,TV-MA,8.5,The Office,
"Louis C.K.,Louis C.K.,Hadley Delany,Ursula Parker",2010–2015,"The life of Louie C.K., a divorced comedian living in New York with two kids.",22,"Comedy,Drama",United States,TV-MA,8.5,Louie,
"Sam Esmail,Rami Malek,Christian Slater,Carly Chaikin",2015–2019,"Elliot, a brilliant but highly unstable young cyber-security engineer and vigilante hacker, becomes a key figure in a complex game of global dominance when he and his shadowy allies try to take down the corrupt corporation he works for.",49,"Crime,Drama,Thriller",United States,TV-MA,8.6,Mr. Robot,
"Chris O'Dowd,Richard Ayoade,Katherine Parkinson",2006–2013,"The comedic misadventures of Roy, Moss and their grifting supervisor Jen, a rag-tag team of IT support workers at a large corporation headed by a hotheaded yuppie.",25,Comedy,United Kingdom,TV-14,8.5,The IT Crowd,
"Steve Coogan,Simon Greenall,Felicity Montagu",1997–2002,,29,Comedy,United Kingdom,TV-MA,8.6,I'm Alan Partridge,
"Jared Keeso,Jacob Tierney,Jared Keeso,Nathan Dales,Michelle Mylett",2016– ,"Quick-witted, fast-paced snappy comedy about rural folk getting by in a small town.",30,Comedy,Canada,TV-MA,8.7,Letterkenny,
"Kazuya Nakai,Ginpei Sato,Ayako Kawasumi",2004–2005,"Fuu, a waitress who works in a teahouse, rescues two master swordsmen, Mugen and Jin, from their execution to help her find the ""samurai who smells of sunflowers.""",24,"Animation,Action,Adventure",Japan,TV-MA,8.6,Samurai Champloo,Original title: Samurai chanpurû
"Dragan Bjelogrlic,Andrija Kuzmanovic,Marija Bergam,Dragan Bjelogrlic",2017– ,,60,"Crime,Drama,Thriller",Serbia,TV-MA,8.9,Black Sun,Original title: Senke nad Balkanom
"Krishna D.K.,Raj Nidimoru,Manoj Bajpayee,Samantha Ruth Prabhu,Priyamani",2019– ,"A working man from the National Investigation Agency tries to protect the nation from terrorism, but he also needs to keep his family safe from his secret job.",45,"Action,Comedy,Drama",India,TV-14,8.7,The Family Man,
"Paul Eddington,Nigel Hawthorne,Derek Fowlds",1986–1987,,30,Comedy,United Kingdom,TV-PG,8.6,"Yes, Prime Minister",
"David Alexanian,Charley Boorman,Russ Malkin,Ewan McGregor,Charley Boorman,David Alexanian",2004–2010,"This documentary series follows actors Ewan McGregor and Charley Boorman on a motorcycle trip around the world. The two friends will travel through such places as Siberia, Kazakhstan, Mongolia, and Alaska, before finally ending the journey in New York. The filming will be done by on board cameras and one ride along cameraman.",315,"Documentary,Adventure",United Kingdom,TV-PG,8.6,Long Way Round,
"Jemaine Clement,Kayvan Novak,Matt Berry,Natasia Demetriou",2019– ,A look into the daily (or rather nightly) lives of four vampires who've lived together on Staten Island for over a century.,30,"Comedy,Fantasy,Horror",United States,TV-MA,8.6,What We Do in the Shadows,
"Roberto Gómez Bolaños,Ramón Valdés,Carlos Villagrán,Roberto Gómez Bolaños",1972–1983,,30,"Comedy,Family",Mexico,TV-PG,8.7,El Chavo del Ocho,
"Eric Rochant,Mathieu Kassovitz,Florence Loiret Caille,Jonathan Zaccaï",2015– ,"After six years of undercover work in Syria, French intelligence officer Malotru returns home, where he struggles to forget his undercover identity, train a young recruit, and investigate when a colleague disappears in Algeria.",52,"Drama,Thriller",France,TV-MA,8.7,The Bureau,Original title: Le Bureau des Légendes
"Paul Attanasio,Richard Belzer,Clark Johnson,Yaphet Kotto",1993–1999,Life on the Street is an American police procedural television series chronicling the work of a fictional version of the Baltimore Police Department's Homicide Unit.,60,"Crime,Drama,Mystery",United States,TV-14,8.7,Homicide: Life on the Street,
"Edward James Olmos,Mary McDonnell,Katee Sackhoff",2003,"Following the destruction of the Twelve Colonies of Kobol by the Cylons, a rag-tag fugitive fleet of the last remnants of mankind flees the pursuing Cylons while simultaneously searching for their true home: Earth.",183,"Action,Adventure,Drama",United States,TV-14,8.5,Battlestar Galactica,
"Simon Pegg,Jessica Hynes,Julia Deakin",1999–2001,"Friends Tim and Daisy, 20-something North Londoners with uncertain futures, must pretend to be a couple to live in the only apartment they can afford.",25,"Action,Comedy",United Kingdom,TV-14,8.6,Spaced,
"Brice Armstrong,Steve Olson,Stephanie Nadolny",1995–2003,"Dragon Ball tells the tale of a young warrior by the name of Son Goku, a young peculiar boy with a tail who embarks on a quest to become stronger and learns of the Dragon Balls, when, once all 7 are gathered, grant any wish of choice.",24,"Animation,Action,Adventure",Japan,TV-14,8.6,Dragon Ball,
"Christopher McCulloch,Christopher McCulloch,James Urbaniak,Doc Hammer",2003–2018,"The bizarre escapades of pseudo-heroic scientist Dr. Rusty Venture, his competent, high-strung bodyguard, and his two overenthusiastic sons.",22,"Animation,Action,Adventure",United States,TV-MA,8.6,The Venture Bros.,
"Jack Davenport,Gina Bellman,Sarah Alexander",2000–2004,,30,"Comedy,Romance",United Kingdom,TV-14,8.6,Coupling,
"Masako Nozawa,Jôji Yanami,Brice Armstrong",1986–1989,"Son Gokû, a fighter with a monkey tail, goes on a quest with an assortment of odd characters in search of the Dragon Balls, a set of crystals that can give its bearer anything they desire.",24,"Animation,Action,Adventure",Japan,TV-14,8.6,Dragon Ball,Original title: Dragon Ball: Doragon bôru
"Kikunosuke Toya,Ryan Colt Levy,Tomori Kusunoki",2022– ,,25,"Animation,Action,Adventure",Japan,TV-MA,8.8,Chainsaw Man,
"Bob Kane,William Moulton Marston,Joe Shuster,Carl Lumbly,Phil LaMarr,Michael Rosenbaum",2001–2004,Seven of the most formidable heroes form arguably the most powerful team ever.,22,"Animation,Action,Adventure",United States,TV-PG,8.6,Justice League,
"James Bobin,Jemaine Clement,Bret McKenzie,Jemaine Clement,Bret McKenzie,Rhys Darby",2007–2009,"Bret and Jemaine are Flight of the Conchords, a folk-rock band from New Zealand living in New York City in search of stardom.",28,"Comedy,Music,Musical","United States,New Zealand",TV-MA,8.6,Flight of the Conchords,
"Will Buxton,Jack Nicholls,Lewis Hamilton",2019– ,Docuseries following the FIA Formula One World Championship across multiple seasons.,40,"Documentary,Sport",United Kingdom,TV-MA,8.6,Formula 1: Drive to Survive,
"James Murray,Brian Quinn,Sal Vulcano",2011– ,"Q, Sal, Joe and Murr are real-life best friends who love challenging each other to the most outrageous dares and stunts ever caught on hidden camera.",30,"Comedy,Reality-TV",United States,TV-14,8.6,Impractical Jokers,
"Leslie Greif,Michael Tolkin,Miles Teller,Matthew Goode,Dan Fogler",2022,Oscar-winning producer Albert S. Ruddy's never-before-revealed experiences of making The Godfather (1972).,586,"Biography,Drama",United States,TV-MA,8.7,The Offer,
"Scott Frank,Allan Scott,Anya Taylor-Joy,Chloe Pirrie,Bill Camp",2020,"Orphaned at the tender age of nine, prodigious introvert Beth Harmon discovers and masters the game of chess in 1960s USA. But child stardom comes at a price.",60,Drama,United States,TV-MA,8.6,The Queen's Gambit,
"Steven Canals,Brad Falchuk,Ryan Murphy,Michaela Jaé (MJ) Rodriguez,Dominique Jackson,Indya Moore",2018–2021,"In the New York of the late '80s and early '90s, this is a story of ball culture and the gay and trans community, the raging AIDS crisis, and capitalism.",60,Drama,United States,TV-MA,8.6,Pose,
"Mel Blanc,Pinto Colvig,Joe Bronx",1960–1975,,30,"Animation,Comedy",United States,TV-G,8.6,The Bugs Bunny Show,
"Hyun Bin,Son Ye-jin,Seo Ji-hye",2019–2020,The absolute top secret love story of a chaebol heiress who made an emergency landing in North Korea because of a paragliding accident and a North Korean special officer who falls in love with her and who is hiding and protecting her.,70,"Adventure,Comedy,Romance",South Korea,TV-14,8.7,Crash Landing on You,Original title: Sa-rang-eui bul-sa-chak
"Aaron Sorkin,Jeff Daniels,Emily Mortimer,John Gallagher Jr.",2012–2014,"A newsroom undergoes some changes in its workings and morals as a new team is brought in, bringing unexpected results for its existing news anchor.",55,Drama,United States,TV-MA,8.6,The Newsroom,
"Eric André,Eric André,Hannibal Buress,Tom Ato",2012– ,"Eric Andre tries to host a talk show in a bizarre environment, where he is sometimes the player of pranks and sometimes the victim.",11,"Comedy,Talk-Show",United States,TV-MA,8.6,The Eric Andre Show,
"Mike Flanagan,Michiel Huisman,Carla Gugino,Henry Thomas",2018,"Flashing between past and present, a fractured family confronts haunting memories of their old home and the terrifying events that drove them from it.",572,"Drama,Horror,Mystery",United States,TV-MA,8.6,The Haunting of Hill House,
"Terence Winter,Steve Buscemi,Kelly Macdonald,Michael Shannon",2010–2014,An Atlantic City politician plays both sides of the law by conspiring with gangsters during the Prohibition era.,55,"Crime,Drama",United States,TV-MA,8.6,Boardwalk Empire,
"Graham Yost,Timothy Olyphant,Nick Searcy,Joelle Carter",2010–2015,"U.S. Marshal Raylan Givens is reassigned from Miami to his childhood home in the poor, rural coal mining towns of eastern Kentucky.",44,"Action,Crime,Drama",United States,TV-MA,8.6,Justified,
"Steven Avery,Dolores Avery,Laura Nirider",2015–2018,"Filmed over a 10-year period, Steven Avery, a DNA exoneree who, while in the midst of exposing corruption in local law enforcement, finds himself the prime suspect in a grisly new crime.",60,"Documentary,Crime",United States,TV-14,8.6,Making a Murderer,
"David Suchet,Hugh Fraser,Philip Jackson",1989–2013,"The cases of eccentric, but sharp, Belgian detective Hercule Poirot.",100,"Crime,Drama,Mystery",United Kingdom,TV-14,8.6,Poirot,
"Paul Eddington,Nigel Hawthorne,Derek Fowlds",1980–1984,"The Right Honorable James Hacker has landed the plum job of Cabinet Minister to the Department of Administration. At last he is in a position of power and can carry out some long-needed reforms, or so he thinks.",30,Comedy,United Kingdom,TV-PG,8.7,Yes Minister,
"Danny Strong,Michael Keaton,Peter Sarsgaard,Michael Stuhlbarg",2021,"The series takes viewers to the epicenter of America's struggle with opioid addiction, from the boardrooms of Purdue Pharma, to a distressed Virginia mining community, to the hallways of the DEA.",492,Drama,United States,TV-MA,8.6,Dopesick,
"Rowan Atkinson,Richard Curtis,Rowan Atkinson,Robin Driscoll,Matilda Ziegler",1990–1995,"Bumbling, childlike Mr. Bean has trouble completing the simplest of day-to-day tasks, but his perseverance and resourcefulness frequently allow him to find ingenious ways around problems.",25,"Comedy,Family",United Kingdom,TV-G,8.6,Mr. Bean,
"Moira Walley-Beckett,Amybeth McNulty,Geraldine James,R.H. Thomson",2017–2019,"The adventures of a young orphan girl living in the early 19th century. Follow Anne as she learns to navigate her new life on Prince Edward Island, in this new take on L.M. Montgomery's classic novels.",60,"Drama,Family",Canada,TV-PG,8.7,Anne with an E,Original title: Anne
"Haruichi Furudate,Ayumu Murase,Kaito Ishikawa,Yu Hayashi",2014–2020,"Determined to be like the volleyball championship's star player nicknamed ""the small giant"", Shoyo joins his school's volleyball club.",24,"Animation,Comedy,Drama",Japan,TV-14,8.7,Haikyu!!,Original title: Haikyuu!!
"Alan Davies,Stephen Fry,Sandi Toksvig",2003– ,"A comedy panel game in which being Quite Interesting is more important than being right. Sandi Toksvig is joined each week by four comedians to share anecdotes and trivia, and maybe answer some questions as well.",30,"Comedy,Game-Show",United Kingdom,TV-PG,8.6,QI,
"Nathan Fielder,Nathan Fielder,Journey Baker,Anna Lamadrid",2022– ,Nathan Fielder gives people a chance to rehearse for their own lives in a world where nothing ever works out as expected.,30,"Documentary,Comedy",United States,TV-MA,8.7,The Rehearsal,
"Matthew Mercer,Liam O'Brien,Marisha Ray",2015– ,"A live weekly show in which a band of professional voice actors improvise, role-play, and roll their way through an epic Dungeons and Dragons campaign.",180,"Adventure,Fantasy",United States,TV-14,9.3,Critical Role,
"Joe Penhall,Jonathan Groff,Holt McCallany,Anna Torv",2017–2019,"Set in the late 1970s, two FBI agents are tasked with interviewing serial killers to solve open cases.",60,"Crime,Drama,Mystery",United States,TV-MA,8.6,Mindhunter,
"Leonardo Fasoli,Stefano Bises,Roberto Saviano,Salvatore Esposito,Marco D'Amore,Ivana Lotito",2014–2021,Ciro disregards tradition in his attempt to become the next boss of his crime syndicate. The internal power struggle puts him and his entire family's life at risk.,55,"Crime,Drama,Thriller","Italy,Germany",TV-MA,8.7,Gomorrah,Original title: Gomorra: La serie
"Rowan Atkinson,Tony Robinson,Hugh Laurie",1987,,180,Comedy,United Kingdom,TV-PG,8.6,Blackadder the Third,
"Sameer Saxena,Vishesh Bansal,Mona Singh,Akarsh Khurana",2018,Set in the summer of 1998 it is a story about conflicting emotions towards family members from the eyes of a twelve year old.,30,"Comedy,Drama,Family",India,TV-14,9.0,Yeh Meri Family,
"John Hawkesworth,Jeremy Brett,Edward Hardwicke,Rosalie Williams",1986–1988,,60,"Crime,Drama,Mystery",United Kingdom,TV-PG,8.7,The Return of Sherlock Holmes,
"Robert Duvall,Tommy Lee Jones,Danny Glover",1989,Two former Texas Rangers renew their spirit of adventure as they and several other residents of a small Texas town join a cattle drive to the Montana Territory.,384,"Adventure,Drama,Western",United States,TV-14,8.7,Lonesome Dove,
"Tite Kubo,Masakazu Morita,Takayuki Sugô,Binbin Takaoka",2022– ,"The peace is suddenly broken when warning sirens blare through the Soul Society. Residents are disappearing without a trace and nobody knows who's behind it. Meanwhile, a darkness is approaching Ichigo and his friends in Karakura Town.",24,"Animation,Action,Adventure",Japan,TV-MA,9.4,Bleach: Thousand-Year Blood War,Original title: Bleach: Sennen Kessen-hen
"Greg Weisman,Brandon Vietti,Geoff Johns,Nolan North,Danica McKellar,Jesse McCartney",2010–2022,Teenage superheroes strive to prove themselves as members of the Justice League.,23,"Animation,Action,Adventure",United States,TV-PG,8.7,Young Justice,
"Pendleton Ward,John DiMaggio,Jeremy Shada,Tom Kenny",2010–2018,"A 12-year-old boy and his best friend, wise 28-year-old dog with magical powers, go on a series of surreal adventures with each other in a remote future.",11,"Animation,Action,Adventure",United States,TV-PG,8.6,Adventure Time,
"Adam Reed,H. Jon Benjamin,Judy Greer,Amber Nash",2009– ,Covert black ops and espionage take a back seat to zany personalities and relationships between secret agents and drones.,22,"Animation,Action,Comedy",United States,TV-MA,8.6,Archer,
"Hidenobu Kiuchi,Liam O'Brien,Mamiko Noto",2004–2005,A brilliant neurosurgeon finds his life in utter turmoil after getting involved with a psychopathic former patient.,24,"Animation,Crime,Drama",Japan,TV-14,8.7,Monster,
"Joel Hodgson,Joel Hodgson,Michael J. Nelson,Trace Beaulieu",1988–1999,"In the not-too-distant future Joel Robinson is held captive by Dr. Forrester and TV's Frank, forced to watch B-Grade movies on the Satellite of Love with the help of his robot friends: Cambot, Gypsy, Tom Servo and Crow T. Robot.",92,"Comedy,Sci-Fi",United States,TV-14,8.7,Mystery Science Theater 3000,
"Alice Oseman,Joe Locke,Kit Connor,Yasmin Finney",2022– ,Teens Charlie and Nick discover their unlikely friendship might be something more as they navigate school and young love in this coming-of-age series.,30,"Drama,Romance",United Kingdom,TV-14,8.7,Heartstopper,
"Ramanand Sagar,Arun Govil,Deepika Chikhalia,Sunil Lahri",1987–1988,,30,"Adventure,Drama,Family",India,TV-14,9.0,Ramayan,
"John Linson,Taylor Sheridan,Kevin Costner,Luke Grimes,Kelly Reilly",2018– ,A ranching family in Montana faces off against others encroaching on their land.,60,"Drama,Western",United States,TV-MA,8.7,Yellowstone,
"Drew Goddard,Charlie Cox,Vincent D'Onofrio,Deborah Ann Woll",2015–2018,"A blind lawyer by day, vigilante by night. Matt Murdock fights the crime of New York as Daredevil.",54,"Action,Crime,Drama",United States,TV-MA,8.6,Daredevil,
"Måns Mårlind,Hans Rosenfeldt,Björn Stein,Sofia Helin,Rafael Pettersson,Sarah Boberg",2011–2018,"When a body is found on the bridge between Denmark and Sweden, right on the border, Danish inspector Martin Rohde and Swedish Saga Norén have to share jurisdiction and work together to find the killer.",60,"Crime,Mystery,Thriller","Sweden,Denmark,Germany",TV-MA,8.6,The Bridge,Original title: Bron/Broen
"Russell T. Davies,Olly Alexander,Nathaniel Curtis,Shaun Dooley",2021,"A chronicle of four friends during a decade in which everything changed, including the rise of AIDS.",239,"Comedy,Drama,History",United Kingdom,TV-MA,8.7,It's a Sin,
"Natsuki Hanae,Zach Aguilar,Abby Trott",2019– ,"A family is attacked by demons and only two members survive - Tanjiro and his sister Nezuko, who is turning into a demon slowly. Tanjiro sets out to become a demon slayer to avenge his family and cure his sister.",24,"Animation,Action,Adventure",Japan,TV-MA,8.7,Demon Slayer: Kimetsu no Yaiba,Original title: Kimetsu no Yaiba
"Genndy Tartakovsky,Aaron LaPlante,Laëtitia Eïdo,Fred Tatasciore",2019– ,A caveman and a dinosaur bond over shared tragedy and work together to survive in a perilous prehistoric world.,22,"Animation,Action,Adventure",United States,TV-MA,8.7,Primal,
"Jun Fukuyama,Takahiro Sakurai,Johnny Yong Bosch",2006–2008,"After being given a mysterious power to control others, an outcast prince becomes the masked leader of the rebellion against an all-powerful empire.",24,"Animation,Action,Drama",Japan,TV-14,8.7,Code Geass,Original title: Kôdo giasu - Hangyaku no rurûshu: Code Geass - Lelouch of the Rebellion
"Erdal Besikçioglu,Inanç Konukçu,Ege Aydan",2010–2019,,90,"Crime,Drama,Mystery",Turkey,TV-14,8.8,Behzat Ç.: Bir Ankara Polisiyesi,
"Rowan Atkinson,Tony Robinson,Tim McInnerny",1986,,176,Comedy,United Kingdom,TV-PG,8.6,Blackadder II,
"Donald Glover,Donald Glover,Brian Tyree Henry,LaKeith Stanfield",2016–2022,"Earn and his cousin Alfred, based in Atlanta, try to make their way in the world through the rap scene. Along the way they come face-to-face with social and economic issues touching on race, relationships, poverty, status, and parenthood.",30,"Comedy,Drama,Music",United States,TV-MA,8.6,Atlanta,
"James Manos Jr.,Michael C. Hall,Jennifer Carpenter,David Zayas",2006–2013,"He's smart. He's lovable. He's Dexter Morgan, America's favorite serial killer, who spends his days solving crimes and nights committing them. Golden Globe winner Michael C. Hall stars in the hit SHOWTIME Original Series.",53,"Crime,Drama,Mystery",United States,TV-MA,8.7,Dexter,
"Dan Fogelman,Milo Ventimiglia,Mandy Moore,Sterling K. Brown",2016–2022,"A heartwarming and emotional story about a unique set of triplets, their struggles and their wonderful parents.",45,"Comedy,Drama,Romance",United States,TV-14,8.7,This Is Us,
"Chris Carter,David Duchovny,Gillian Anderson,Mitch Pileggi",1993–2018,"Two F.B.I. Agents, Fox Mulder the believer and Dana Scully the skeptic, investigate the strange and unexplained, while hidden forces work to impede their efforts.",45,"Crime,Drama,Mystery",United States,TV-14,8.6,The X-Files,Original title: The X Files
"Andrew Jarecki,Robert Durst,Gary Napoli",2015,"Filmmaker Andrew Jarecki examines the complicated life of reclusive real estate icon Robert Durst, the key suspect in a series of unsolved crimes.",279,"Documentary,Biography,Crime",United States,TV-14,8.6,The Jinx: The Life and Deaths of Robert Durst,
"Masashi Kishimoto,Alexandre Crepet,Junko Takeuchi,Maile Flanagan",2007–2017,"Naruto Uzumaki, is a loud, hyperactive, adolescent ninja who constantly searches for approval and recognition, as well as to become Hokage, who is acknowledged as the leader and strongest of all ninja in the village.",24,"Animation,Action,Adventure",Japan,TV-PG,8.7,Naruto: Shippuden,Original title: Naruto: Shippûden
"Greg Daniels,Michael Schur,Amy Poehler,Jim O'Heir,Nick Offerman",2009–2015,The absurd antics of an Indiana town's public officials as they pursue sundry projects to make their city a better place.,22,Comedy,United States,TV-14,8.6,Parks and Recreation,
"David Milch,Timothy Olyphant,Ian McShane,Molly Parker",2004–2006,"A show set in the late 1800s, revolving around the characters of Deadwood, South Dakota; a town of deep corruption and crime.",55,"Crime,Drama,History",United States,TV-MA,8.6,Deadwood,
"Arunabh Kumar,Shreyansh Pandey,Naveen Kasturia,Shivankit Singh Parihar,Abhilash Thapliyal",2021– ,It is the story of the journey of three UPSC (public service competitive exams in India) aspirants and their friendship against all odds.,45,Drama,India,,9.2,Aspirants,
"Taylor Sheridan,Sam Elliott,Tim McGraw,Faith Hill",2021–2022,Follows the Dutton family as they embark on a journey west.,60,"Drama,Western",United States,TV-MA,8.8,1883,
"Dermot Morgan,Ardal O'Hanlon,Frank Kelly",1995–1998,"Three misfit priests and their housekeeper live on Craggy Island, not the peaceful and quiet part of Ireland that it seems to be.",25,Comedy,United Kingdom,TV-14,8.7,Father Ted,
"Jed Mercurio,Martin Compston,Vicky McClure,Adrian Dunbar",2012–2021,"Drama series following the investigations of AC-12, a controversial police anti-corruption unit.",60,"Crime,Drama,Mystery",United Kingdom,TV-14,8.7,Line of Duty,
"Harish Bhimani,Nitish Bharadwaj,Mukesh Khanna",1988–1990,,45,"Adventure,Drama,History",India,TV-14,9.0,Mahabharat,
"Jack Kirby,George Newbern,Kevin Conroy,Phil LaMarr",2004–2006,A continuation of the Justice League animated series finds the original members of the team joined in their battle against crime and evil by dozens of other heroes from the DC comics universe.,23,"Animation,Action,Adventure",United States,TV-Y7-FV,8.7,Justice League Unlimited,
"Armando Iannucci,Chris Addison,James Smith,Peter Capaldi",2005–2012,The Minister for Social Affairs is continually harassed by Number 10's policy enforcer and dependent on his not-so-reliable team of civil servants.,29,Comedy,United Kingdom,TV-MA,8.7,The Thick of It,
"Jeremy Clarkson,James May,Richard Hammond",2016– ,"Follow Jeremy, Richard and James, as they embark on an adventure across the globe, driving new and exciting automobiles from manufacturers all over the world.",60,"Comedy,Sport,Talk-Show","United Kingdom,United States",TV-14,8.7,The Grand Tour,
"Peter Berg,Kyle Chandler,Connie Britton,Zach Gilford",2006–2011,"A drama that follows the lives of the Dillon Panthers, one of the nation's best high school football teams, and their head coach Eric Taylor.",44,"Drama,Sport",United States,TV-14,8.7,Friday Night Lights,
"Kentaro Miura,Marc Diraison,Nobutoshi Canna,Carrie Keranen",1997–1998,"Guts is a skilled swordsman who joins forces with a mercenary group named 'The Band of the Hawk', lead by the charismatic Griffith, and fights with them as they battle their way into the royal court.",23,"Animation,Action,Adventure",Japan,TV-14,8.7,Berserk,Original title: Kenpuu Denki Berserk
"John Hawkesworth,Jeremy Brett,David Burke,Rosalie Williams",1984–1985,"Sherlock Holmes and Dr Watson solve the mysteries of copper beeches, a Greek interpreter, the Norwood builder, a resident patient, the red-headed league, and one final problem.",60,"Crime,Drama,Mystery",United Kingdom,TV-PG,8.7,The Adventures of Sherlock Holmes,
"Beau Willimon,Kevin Spacey,Michel Gill,Robin Wright",2013–2018,A Congressman works with his equally conniving wife to exact revenge on the people who betrayed him.,51,Drama,United States,TV-MA,8.7,House of Cards,
"Peter Morgan,Claire Foy,Olivia Colman,Imelda Staunton",2016– ,Follows the political rivalries and romance of Queen Elizabeth II's reign and the events that shaped the second half of the twentieth century.,58,"Biography,Drama,History",United Kingdom,TV-MA,8.7,The Crown,
"Jeremy Clarkson,Richard Hammond,James May",2002– ,"The hosts talk about everything car-related. From new cars to how they're fueled, this show has it all.",60,"Adventure,Comedy,Reality-TV",United Kingdom,TV-PG,8.7,Top Gear,
"Gene Roddenberry,Patrick Stewart,Brent Spiner,Jonathan Frakes",1987–1994,"Set almost 100 years after Captain Kirk's 5-year mission, a new generation of Starfleet officers set off in the U.S.S. Enterprise-D on its own mission to go where no one has gone before.",44,"Action,Adventure,Sci-Fi",United States,TV-PG,8.7,Star Trek: The Next Generation,
"Ray Chase,Zach Aguilar,Keith Silverstein",2019– ,Thorfinn pursues a journey with his father's killer in order to take revenge and end his life in a duel as an honorable warrior and pay his father a homage.,24,"Animation,Action,Adventure",Japan,TV-MA,8.8,Vinland Saga,
"Jesse Armstrong,Sam Bain,Andrew O'Connor,David Mitchell,Robert Webb,Matt King",2003–2015,Mark and Jez are a couple of twenty-something roommates who have nothing in common - except for the fact that their lives are anything but normal. Mayhem ensues as the pair strive to cope with day-to-day life.,25,Comedy,United Kingdom,TV-MA,8.7,Peep Show,
"Satish Shah,Ratna Pathak Shah,Sumeet Raghavan",2004–2017,"The show revolves around the lives of the members of an Uber Wealthy - High Society Gujarati family of Cuffe Parade - South Bombay, whose daughter-in-law is from a middle class Delhi background.",30,Comedy,India,TV-PG,9.0,Sarabhai V/S Sarabhai,
"Dan Erickson,Adam Scott,Zach Cherry,Britt Lower",2022– ,"Mark leads a team of office workers whose memories have been surgically divided between their work and personal lives. When a mysterious colleague appears outside of work, it begins a journey to discover the truth about their jobs.",55,"Drama,Mystery,Sci-Fi",United States,TV-MA,8.7,Severance,
"Matthew Weiner,Jon Hamm,Elisabeth Moss,Vincent Kartheiser",2007–2015,"A drama about one of New York's most prestigious ad agencies at the beginning of the 1960s, focusing on one of the firm's most mysterious but extremely talented ad executives, Donald Draper.",47,Drama,United States,TV-MA,8.7,Mad Men,
"Jitendra Kumar,Raghuvir Yadav,Chandan Roy",2020– ,"A comedy-drama, which captures the journey of an engineering graduate Abhishek, who for lack of a better job option joins as secretary of a Panchayat office in a remote village of Uttar Pradesh.",35,"Comedy,Drama",India,TV-14,8.9,Panchayat,
"Amy Sherman-Palladino,Rachel Brosnahan,Alex Borstein,Michael Zegen",2017– ,"After her husband leaves her, young mother of two Miriam ""Midge"" Maisel discovers that she has a talent for stand-up comedy. Could this be her calling?",57,"Comedy,Drama",United States,TV-MA,8.7,The Marvelous Mrs. Maisel,
"Shreyansh Pandey,Jameel Khan,Geetanjali Kulkarni,Vaibhav Raj Gupta",2019– ,"Set in quaint by-lanes in the heart of India, Gullak is a collection of disarming and relatable tales of the Mishra family.",24,"Comedy,Drama,Family",India,,9.1,Gullak,
"Glen A. Larson,Ronald D. Moore,Edward James Olmos,Mary McDonnell,Jamie Bamber",2004–2009,"When an old enemy, the Cylons, resurface and obliterate the 12 colonies, the crew of the aged Galactica protect a small civilian fleet - the last of humanity - as they journey toward the fabled 13th colony, Earth.",44,"Action,Adventure,Drama",United States,TV-14,8.7,Battlestar Galactica,
"Robert Kirkman,Ryan Ottley,Cory Walker,Steven Yeun,J.K. Simmons,Sandra Oh",2021– ,An adult animated series based on the Skybound/Image comic about a teenager whose father is the most powerful superhero on the planet.,50,"Animation,Action,Adventure",United States,TV-MA,8.7,Invincible,
"Millie Bobby Brown,Finn Wolfhard,Winona Ryder",2016– ,"When a young boy disappears, his mother, a police chief and his friends must confront terrifying supernatural forces in order to get him back.",51,"Drama,Fantasy,Horror",United States,TV-14,8.7,Stranger Things,
"David Shore,Hugh Laurie,Omar Epps,Robert Sean Leonard",2004–2012,An antisocial maverick doctor who specializes in diagnostic medicine does whatever it takes to solve puzzling cases that come his way using his crack team of doctors and his wits.,44,"Drama,Mystery",United States,TV-14,8.7,House,Original title: House M.D.
"Julian Fellowes,Hugh Bonneville,Phyllis Logan,Elizabeth McGovern",2010–2015,A chronicle of the lives of the British aristocratic Crawley family and their servants in the early twentieth century.,58,"Drama,Romance",United Kingdom,TV-PG,8.7,Downton Abbey,
"Phoebe Waller-Bridge,Phoebe Waller-Bridge,Sian Clifford,Olivia Colman",2016–2019,A comedy series adapted from the award-winning play about a young woman trying to cope with life in London whilst coming to terms with a recent tragedy.,27,"Comedy,Drama",United Kingdom,TV-MA,8.7,Fleabag,
"Shawn Ryan,Michael Chiklis,Jay Karnes,Michael Jace",2002–2008,Drama series following the lives and cases of dirty cop Vic Mackey and the LAPD unit under his command.,47,"Crime,Drama,Thriller",United States,TV-MA,8.7,The Shield,
"Makoto Furukawa,Kaito Ishikawa,Max Mittelman",2015–2019,"The story of Saitama, a hero that does it just for fun & can defeat his enemies with a single punch.",24,"Animation,Action,Comedy",Japan,TV-PG,8.7,One Punch Man,Original title: One Punch Man: Wanpanman
"James L. Brooks,Matt Groening,Sam Simon,Dan Castellaneta,Nancy Cartwright,Harry Shearer",1989– ,The satiric adventures of a working-class family in the misfit city of Springfield.,22,"Animation,Comedy",United States,TV-14,8.7,The Simpsons,
"Mitchell Hurwitz,Jason Bateman,Michael Cera,Portia de Rossi",2003–2019,"Level-headed son Michael Bluth takes over family affairs after his father is imprisoned. But the rest of his spoiled, dysfunctional family are making his job unbearable.",22,Comedy,United States,TV-14,8.7,Arrested Development,
"Eric Kripke,Karl Urban,Jack Quaid,Antony Starr",2019– ,A group of vigilantes set out to take down corrupt superheroes who abuse their superpowers.,60,"Action,Comedy,Crime",United States,TV-MA,8.7,The Boys,
"Jon Favreau,Pedro Pascal,Carl Weathers,Giancarlo Esposito",2019– ,"The travels of a lone bounty hunter in the outer reaches of the galaxy, far from the authority of the New Republic.",40,"Action,Adventure,Fantasy",United States,TV-14,8.7,The Mandalorian,
"Baran bo Odar,Jantje Friese,Louis Hofmann,Karoline Eichhorn,Lisa Vicari",2017–2020,"A family saga with a supernatural twist, set in a German town where the disappearance of two young children exposes the relationships among four families.",60,"Crime,Drama,Mystery","Germany,United States",TV-MA,8.7,Dark,
"Mamoru Miyano,Asami Imai,Kana Hanazawa",2011–2015,"After discovering time travel, a university student and his colleagues must use their knowledge of it to stop an evil organization and their diabolical plans.",24,"Animation,Comedy,Drama",Japan,TV-14,8.8,Steins;Gate,
"Saurabh Khanna,Mayur More,Jitendra Kumar,Ranjan Raj",2019–2021,"Dedicated to Shrimati SL Loney ji, Shri Irodov ji and Maanniya HC Verma ji, 'Kota Factory' is TVF's latest original. India's first 'Black and White' show highlights the problems present day IIT-JEE aspirants face in their day-to-day lives.",45,"Comedy,Drama",India,TV-14,9.1,Kota Factory,
"Bruno Heller,William J. MacDonald,John Milius,Kevin McKidd,Ray Stevenson,Polly Walker",2005–2007,A down-to-earth account of the lives of both illustrious and ordinary Romans set in the last days of the Roman Republic.,52,"Action,Drama,Romance","United Kingdom,United States",TV-MA,8.7,Rome,
"Alan Ball,Peter Krause,Michael C. Hall,Frances Conroy",2001–2005,A chronicle of the lives of a dysfunctional family who run an independent funeral home in Los Angeles.,60,"Comedy,Drama",United States,TV-MA,8.7,Six Feet Under,
"Steven Knight,Cillian Murphy,Paul Anderson,Sophie Rundle",2013–2022,"A gangster family epic set in 1900s England, centering on a gang who sew razor blades in the peaks of their caps, and their fierce boss Tommy Shelby.",60,"Crime,Drama",United Kingdom,TV-MA,8.8,Peaky Blinders,
"Tom Fontana,Ernie Hudson,J.K. Simmons,Lee Tergesen",1997–2003,A series chronicling the daily activities of an unusual prison facility and its criminal inhabitants.,55,"Crime,Drama,Thriller",United States,TV-MA,8.7,Oz,
"Brendan Hunt,Joe Kelly,Bill Lawrence,Jason Sudeikis,Brett Goldstein,Brendan Hunt",2020– ,"American college football coach Ted Lasso heads to London to manage AFC Richmond, a struggling English Premier League football team.",30,"Comedy,Drama,Sport",United States,TV-MA,8.8,Ted Lasso,
"Katie Krentz,Patrick McHale,Elijah Wood,Collin Dean,Melanie Lynskey",2014,Two brothers find themselves lost in a mysterious land and try to find their way home.,22,"Animation,Short,Adventure",United States,TV-PG,8.8,Over the Garden Wall,
"Eiichirô Oda,Mayumi Tanaka,Laurent Vernin,Tony Beck",1999– ,"Follows the adventures of Monkey D. Luffy and his pirate crew in order to find the greatest treasure ever left by the legendary Pirate, Gold Roger. The famous mystery treasure named ""One Piece"".",24,"Animation,Action,Adventure",Japan,TV-14,8.9,One Piece,Original title: One Piece: Wan pîsu
"Trey Parker,Matt Stone,Brian Graden,Trey Parker,Matt Stone,Isaac Hayes",1997– ,"Follows the misadventures of four irreverent grade-schoolers in the quiet, dysfunctional town of South Park, Colorado.",22,"Animation,Comedy",United States,TV-14,8.7,South Park,
"Jôji Yanami,Kyle Hebert,Masako Nozawa",1989–1996,"The adventures of Earth's martial arts defender, Son Goku, continue with a new family and the revelation of his alien origins. Now Goku and his allies must defend the planet from an onslaught of new extraterrestrial enemies.",24,"Animation,Action,Adventure",,TV-PG,8.8,Dragon Ball Z,Original title: Dragon Ball Z: Doragon bôru zetto
"Derek Jacobi,John Hurt,Siân Phillips",1976,"The personal and governmental affairs of the Julio-Claudian dynasty at the beginning of the Roman Empire, as recalled by one of its rulers.",669,"Biography,Drama,History",United Kingdom,Not Rated,8.9,"I, Claudius",
"Doc Harris,Christopher Sabat,Scott McNeil",1989–1996,"With the help of the powerful Dragonballs, a team of fighters led by the saiyan warrior Goku defend the planet earth from extraterrestrial enemies.",24,"Animation,Action,Adventure","Japan,United States,Canada",TV-PG,8.8,Dragon Ball Z,
"Jesse Armstrong,Nicholas Braun,Peter Friedman,Matthew Macfadyen",2018– ,"The Roy family is known for controlling the biggest media and entertainment company in the world. However, their world changes when their father steps down from the company.",60,Drama,United States,TV-MA,8.8,Succession,
"Raphael Bob-Waksberg,Will Arnett,Amy Sedaris,Alison Brie",2014–2020,"BoJack Horseman was the star of the hit television show ""Horsin' Around"" in the '80s and '90s, but now he's washed up, living in Hollywood, complaining about everything, and wearing colorful sweaters.",25,"Animation,Comedy,Drama",United States,TV-MA,8.8,BoJack Horseman,
"Neal Brennan,Dave Chappelle,Dave Chappelle,Donnell Rawlings,Rudy Rush",2003–2006,Comedian Dave Chappelle hosts this sketch-comedy show that parodies many of the nuances of race and culture.,22,"Comedy,Music",United States,TV-MA,8.8,Chappelle's Show,
"Feyyaz Yigit,Kivanç Kilinç,Ahmet Kürsat Öçalan",2021– ,Yilmaz and Ilkkan are two friends who are constantly fighting each other. Their greatest feature is always being able to do something that will turn their ordinary lives upside down.,30,Comedy,Turkey,,9.0,As If,Original title: Gibi
"Mark Frost,David Lynch,Kyle MacLachlan,Michael Ontkean,Mädchen Amick",1990–1991,An idiosyncratic FBI agent investigates the murder of a young woman in the even more idiosyncratic town of Twin Peaks.,47,"Crime,Drama,Mystery",United States,TV-MA,8.8,Twin Peaks,
"Charlie Brooker,Daniel Lapaine,Hannah John-Kamen,Michaela Coel",2011–2019,"An anthology series exploring a twisted, high-tech multiverse where humanity's greatest innovations and darkest instincts collide.",60,"Drama,Mystery,Sci-Fi","United Kingdom,United States",TV-MA,8.8,Black Mirror,
"Carlo Bernard,Chris Brancato,Doug Miro,Pedro Pascal,Wagner Moura,Boyd Holbrook",2015–2017,"A chronicled look at the criminal exploits of Colombian drug lord Pablo Escobar, as well as the many other drug kingpins who plagued the country through the years.",49,"Biography,Crime,Drama","United States,Colombia",TV-MA,8.8,Narcos,
"Rowan Atkinson,Tony Robinson,Stephen Fry",1989,,175,"Comedy,War",United Kingdom,TV-PG,8.8,Blackadder Goes Forth,
"Paul Feig,Linda Cardellini,John Francis Daley,James Franco",1999–2000,A high school mathlete starts hanging out with a group of burnouts while her younger brother navigates his freshman year.,44,"Comedy,Drama",United States,TV-14,8.8,Freaks and Geeks,
"Ali Atay,Serkan Keskin,Osman Sonant",2011–2023,,80,"Adventure,Comedy,Drama",Turkey,TV-PG,9.1,Leyla and Mecnun,Original title: Leyla ile Mecnun
"Larry David,Larry David,Cheryl Hines,Jeff Garlin",2000– ,The life and times of Larry David and the predicaments he gets himself into with his friends and complete strangers.,28,Comedy,United States,TV-MA,8.8,Curb Your Enthusiasm,
"John Cleese,Prunella Scales,Andrew Sachs",1975–1979,"Hotel owner Basil Fawlty's incompetence, short fuse, and arrogance form a combination that ensures accidents and trouble are never far away.",30,Comedy,United Kingdom,TV-PG,8.8,Fawlty Towers,
"Colin Firth,Jennifer Ehle,Susannah Harker",1995,"While the arrival of wealthy gentlemen sends her marriage-minded mother into a frenzy, willful and opinionated Elizabeth Bennet matches wits with haughty Mr. Darcy.",327,"Drama,Romance",United Kingdom,TV-PG,8.8,Pride and Prejudice,
"Aaron Sorkin,Martin Sheen,Rob Lowe,Allison Janney",1999–2006,Inside the lives of staffers in the West Wing of the White House.,44,Drama,United States,TV-14,8.9,The West Wing,
"Jürgen Prochnow,Herbert Grönemeyer,Klaus Wennemann",1985,,293,"Drama,War","West Germany,France,United Kingdom,Italy",TV-MA,8.9,Das Boot,
"Greg Davies,Alex Horne,Kerry Godliman",2015– ,"Five comedians are set tasks challenging their creativity and wit. The tasks are supervised by Alex Horne but the Taskmaster, Greg Davies, always has the final word.",47,"Comedy,Game-Show",United Kingdom,TV-14,9.0,Taskmaster,
"Rob McElhenney,Glenn Howerton,Charlie Day,Rob McElhenney,Kaitlin Olson",2005– ,Five friends with big egos and small brains are the proprietors of an Irish pub in Philadelphia.,22,Comedy,United States,TV-MA,8.8,It's Always Sunny in Philadelphia,
"John Oliver,David Kaye,Ryan Barger",2014– ,Former Daily Show host and correspondent John Oliver brings his persona to this weekly news satire program.,30,"Comedy,History,News",United States,TV-MA,8.9,Last Week Tonight with John Oliver,
"Mathieu Kassovitz,Martin Sheen,Rudolf Hess",2009,"This six-part series traces the Second World War, from the rise of the Nazis to the surrender of the Japanese, with detailed portraits of key figures.",312,"Documentary,History,War",France,TV-MA,9.0,Apocalypse: The Second World War,Original title: Apocalypse: La 2ème guerre mondiale
"David Attenborough,Simon Blakeney,Bill Rudolph",2013,,360,Documentary,United Kingdom,TV-PG,9.0,Africa,
"David Crane,Marta Kauffman,Jennifer Aniston,Courteney Cox,Lisa Kudrow",1994–2004,Follows the personal and professional lives of six twenty to thirty year-old friends living in the Manhattan borough of New York City.,22,"Comedy,Romance",United States,TV-14,8.9,Friends,
"Graham Chapman,Eric Idle,Terry Jones,Graham Chapman,John Cleese,Terry Gilliam",1969–1974,The original surreal sketch comedy showcase for the Monty Python troupe.,30,Comedy,United Kingdom,TV-14,8.8,Monty Python's Flying Circus,
"Arunabh Kumar,Naveen Kasturia,Arunabh Kumar,Jitendra Kumar",2015–2022,A story of trials and tribulations of four young entrepreneurs who quit their day jobs in order to pursue their start up venture.,40,"Comedy,Drama",India,TV-MA,9.1,TVF Pitchers,
"Ava DuVernay,Asante Blackk,Caleel Harris,Ethan Herisse",2019,Five teens from Harlem become trapped in a nightmare when they're falsely accused of a brutal attack in Central Park. Based on the true story.,296,"Biography,Crime,Drama",United States,TV-MA,8.9,When They See Us,
"Joss Whedon,Nathan Fillion,Gina Torres,Alan Tudyk",2002–2003,"Five hundred years in the future, a renegade crew aboard a small spacecraft tries to survive as they travel the unknown parts of the galaxy and evade warring factions as well as authority agents out to get them.",44,"Adventure,Drama,Sci-Fi",United States,TV-14,9.0,Firefly,
"John Hurt,Roger Munns",2011,A cinematic experience bringing you the most amazing human stories in the world. Humans and wildlife surviving in the most extreme environments on Earth,50,Documentary,United Kingdom,TV-PG,9.0,Human Planet,
"David Attenborough,Alec Baldwin,Chadden Hunter",2011–2012,Focuses on life and the environment in both the Arctic and Antarctic.,333,Documentary,"United Kingdom,United States,Spain,Germany,Greece,Canada",TV-PG,9.0,Frozen Planet,
"Greg Daniels,Ricky Gervais,Stephen Merchant,Steve Carell,Jenna Fischer,John Krasinski",2005–2013,"A mockumentary on a group of typical office workers, where the workday consists of ego clashes, inappropriate behavior, and tedium.",22,Comedy,United States,TV-14,9.0,The Office,
"Josh Grelle,Bryce Papenbrook,Yûki Kaji",2013–2023,"After his hometown is destroyed and his mother is killed, young Eren Jaeger vows to cleanse the earth of the giant humanoid Titans that have brought humanity to the brink of extinction.",24,"Animation,Action,Adventure",Japan,TV-MA,9.0,Attack on Titan,Original title: Shingeki no Kyojin
"Pratik Gandhi,Shreya Dhanwanthary,Hemant Kher",2020,"Set in 1980s and '90s Bombay, it follows the life of Harshad Mehta, a stockbroker who took the stock market to dizzying heights and his catastrophic downfall.",54,"Biography,Crime,Drama",India,TV-14,9.3,Scam 1992: The Harshad Mehta Story,
"Hailee Steinfeld,Kevin Alejandro,Jason Spisak",2021– ,"Set in utopian Piltover and the oppressed underground of Zaun, the story follows the origins of two iconic League champions-and the power that will tear them apart.",41,"Animation,Action,Adventure","United States,France",TV-14,9.0,Arcane,Original title: Arcane: League of Legends
"David Attenborough,Pierce Brosnan,Peter Scoones",2001,"Mammoth series, five years in the making, taking a look at the rich tapestry of life in the world's oceans.",389,Documentary,"United Kingdom,Germany",TV-G,9.0,The Blue Planet,
"Bob Kane,Eric Radomski,Bruce Timm,Kevin Conroy,Loren Lester,Efrem Zimbalist Jr.",1992–1995,The Dark Knight battles crime in Gotham City with occasional help from Robin and Batgirl.,23,"Animation,Action,Adventure",United States,TV-PG,9.0,Batman: The Animated Series,
"Joe Brumm,David McCormack,Melanie Zanetti,Ninthe van Schie",2018– ,The slice-of-life adventures of an Australian Blue Heeler Cattle Dog puppy as she has fun with her family and friends in everyday situations.,7,"Animation,Family","Australia,United Kingdom",TV-Y,9.6,Bluey,
"Peter Coyote,Huy Duc,James Willbanks",2017,A comprehensive history of the United States' involvement in the bitterly divisive armed conflict in Southeast Asia.,990,"Documentary,History,War",United States,TV-MA,9.1,The Vietnam War,
"Rod Serling,Rod Serling,Robert McCord,Jay Overholts",1959–1964,"Ordinary people find themselves in extraordinarily astounding situations, which they each try to solve in a remarkable manner.",51,"Drama,Fantasy,Horror",United States,TV-PG,9.1,The Twilight Zone,
"Oprah Winfrey,David Attenborough,Doug Allan",2009,David Attenborough's legendary BBC crew explains and shows wildlife all over planet earth. From giving an overview of the challenges facing life to hunting the deep sea and various major evolutionary groups of creatures.,473,Documentary,"United Kingdom,United States,Greece,Italy,Germany",TV-G,9.1,Life,
"Mark Gatiss,Steven Moffat,Benedict Cumberbatch,Martin Freeman,Una Stubbs",2010–2017,A modern update finds the famous sleuth and his doctor partner solving crime in 21st-century London.,88,"Crime,Drama,Mystery","United Kingdom,United States",TV-14,9.1,Sherlock,
"Hiromu Arakawa,Kent Williams,Iemasa Kayumi,Matthew Leonhart",2009–2010,Two brothers search for a Philosopher's Stone after an attempt to revive their deceased mother goes awry and leaves them in damaged physical forms.,24,"Animation,Action,Adventure",Japan,TV-14,9.1,Fullmetal Alchemist: Brotherhood,Original title: Hagane no renkinjutsushi
"Michael Jordan,Phil Jackson,Scottie Pippen",2020,"Charting the rise of the 1990s Chicago Bulls, led by Michael Jordan, one of the most notable dynasties in sports history.",491,"Documentary,Biography,History",United States,TV-MA,9.1,The Last Dance,
"Laurence Olivier,Averell Harriman,Albert Speer",1973–1974,,52,"Documentary,History,War",United Kingdom,TV-PG,9.2,The World at War,
David Attenborough,2019,"Documentary series focusing on the breadth of the diversity of habitats around the world, from the remote Arctic wilderness and mysterious deep oceans to the vast landscapes of Africa and diverse jungles of South America.",403,Documentary,"United States,United Kingdom",TV-G,9.3,Our Planet,
"Dan Harmon,Justin Roiland,Justin Roiland,Chris Parnell,Spencer Grammer",2013– ,An animated series that follows the exploits of a super scientist and his not-so-bright grandson.,23,"Animation,Adventure,Comedy",United States,TV-14,9.1,Rick and Morty,
"Ann Druyan,Carl Sagan,Steven Soter,Carl Sagan,Jaromír Hanzlík,Jonathan Fahn",1980,Astronomer Carl Sagan leads us on an engaging guided tour of the various elements and cosmological theories of the universe.,780,Documentary,"United States,United Kingdom",TV-PG,9.3,Cosmos,
"David Benioff,D.B. Weiss,Emilia Clarke,Peter Dinklage,Kit Harington",2011–2019,"Nine noble families fight for control over the lands of Westeros, while an ancient enemy returns after being dormant for millennia.",57,"Action,Adventure,Drama","United States,United Kingdom",TV-MA,9.2,Game of Thrones,
"David Chase,James Gandolfini,Lorraine Bracco,Edie Falco",1999–2007,"New Jersey mob boss Tony Soprano deals with personal and professional issues in his home and business life that affect his mental state, leading him to seek professional psychiatric counseling.",55,"Crime,Drama",United States,TV-MA,9.2,The Sopranos,
"Michael Dante DiMartino,Bryan Konietzko,Dee Bradley Baker,Zach Tyler Eisen,Mae Whitman",2005–2008,"In a war-torn world of elemental magic, a young boy reawakens to undertake a dangerous mystic quest to fulfill his destiny as the Avatar, and bring peace to the world.",23,"Animation,Action,Adventure",United States,TV-Y7-FV,9.3,Avatar: The Last Airbender,
"David Attenborough,Peter Drost,Russell Boulter",2017–2022,"David Attenborough returns to the world's oceans in this sequel to the acclaimed documentary filming rare and unusual creatures of the deep, as well as documenting the problems our oceans face.",364,Documentary,"United Kingdom,United States,China,France,Germany",TV-G,9.3,Blue Planet II,
"Neil deGrasse Tyson,Christopher Emerson,Keythe Farley",2014,An exploration of our discovery of the laws of nature and coordinates in space and time.,557,Documentary,United States,TV-PG,9.3,Cosmos: A Spacetime Odyssey,
"David Simon,Dominic West,Lance Reddick,Sonja Sohn",2002–2008,"The Baltimore drug scene, as seen through the eyes of drug dealers and law enforcement.",59,"Crime,Drama,Thriller",United States,TV-MA,9.3,The Wire,
"Sigourney Weaver,David Attenborough,Nikolay Drozdov",2006,"Emmy Award-winning, 11 episodes, five years in the making, the most expensive nature documentary series ever commissioned by the BBC, and the first to be filmed in high definition.",538,Documentary,United Kingdom,TV-PG,9.4,Planet Earth,
"Craig Mazin,Jessie Buckley,Jared Harris,Stellan Skarsgård",2019,"In April 1986, an explosion at the Chernobyl nuclear power plant in the Union of Soviet Socialist Republics becomes one of the world's worst man-made catastrophes.",330,"Drama,History,Thriller","United States,United Kingdom",TV-MA,9.4,Chernobyl,
"Scott Grimes,Damian Lewis,Ron Livingston",2001,"The story of Easy Company of the U.S. Army 101st Airborne Division and their mission in World War II Europe, from Operation Overlord to V-J Day.",594,"Drama,History,War","United States,United Kingdom",TV-MA,9.4,Band of Brothers,
"Vince Gilligan,Bryan Cranston,Aaron Paul,Anna Gunn",2008–2013,A chemistry teacher diagnosed with inoperable lung cancer turns to manufacturing and selling methamphetamine with a former student in order to secure his family's future.,49,"Crime,Drama,Thriller",United States,TV-MA,9.5,Breaking Bad,
